Column Name	Pearson	Spearman	Abs Pearson	Abs Spearman	Diff	category	subcategory	concept	description	actionable	cluster	subcluster	spearman (stat)	spearman-p (stat)
DP02_0124PE	-0.215003258	-0.1477640297	0.215003258	0.1477640297	0.06723922834	demographic	ancestry	Selected Social Characteristics in the United States	ANCESTRY / Total population	0			-0.1477640297	6.76E-16
DP02_0125PE	0.4205738946	0.4967421206	0.4205738946	0.4967421206	0.07616822598	demographic	ancestry	Selected Social Characteristics in the United States	ANCESTRY / Total population / American	0			0.4967421206	5.09E-184
DP02_0126PE	-0.2272775387	-0.2225991135	0.2272775387	0.2225991135	0.004678425243	demographic	ancestry	Selected Social Characteristics in the United States	ANCESTRY / Total population / Arab	0			-0.2225991135	1.65E-34
DP02_0127PE	-0.2889697193	-0.4933408971	0.2889697193	0.4933408971	-0.2043711778	demographic	ancestry	Selected Social Characteristics in the United States	ANCESTRY / Total population / Czech	0			-0.4933408971	3.73E-181
DP02_0128PE	-0.2728958143	-0.5160354161	0.2728958143	0.5160354161	-0.2431396018	demographic	ancestry	Selected Social Characteristics in the United States	ANCESTRY / Total population / Danish	0			-0.5160354161	6.78E-201
DP02_0129PE	-0.1284344038	-0.2473062152	0.1284344038	0.2473062152	-0.1188718114	demographic	ancestry	Selected Social Characteristics in the United States	ANCESTRY / Total population / Dutch	0			-0.2473062152	1.94E-42
DP02_0130PE	0.09171344053	0.1128943206	0.09171344053	0.1128943206	0.02118088006	demographic	ancestry	Selected Social Characteristics in the United States	ANCESTRY / Total population / English	0			0.1128943206	7.51E-10
DP02_0131PE	-0.002221840395	-0.1871127709	0.002221840395	0.1871127709	-0.1848909305	demographic	ancestry	Selected Social Characteristics in the United States	ANCESTRY / Total population / French (except Basque)	0			-0.1871127709	1.07E-24
DP02_0132PE	-0.02818560397	-0.2232639174	0.02818560397	0.2232639174	-0.1950783134	demographic	ancestry	Selected Social Characteristics in the United States	ANCESTRY / Total population / French Canadian	0			-0.2232639174	1.04E-34
DP02_0133PE	-0.3941132019	-0.3961136349	0.3941132019	0.3961136349	-0.002000432955	demographic	ancestry	Selected Social Characteristics in the United States	ANCESTRY / Total population / German	0			-0.3961136349	1.22E-111
DP02_0134PE	-0.1542154946	-0.2494768016	0.1542154946	0.2494768016	-0.09526130704	demographic	ancestry	Selected Social Characteristics in the United States	ANCESTRY / Total population / Greek	0			-0.2494768016	3.53E-43
DP02_0135PE	-0.1158198747	-0.1896676657	0.1158198747	0.1896676657	-0.07384779095	demographic	ancestry	Selected Social Characteristics in the United States	ANCESTRY / Total population / Hungarian	0			-0.1896676657	2.42E-25
DP02_0136PE	-0.1189431174	-0.1051241045	0.1189431174	0.1051241045	0.01381901288	demographic	ancestry	Selected Social Characteristics in the United States	ANCESTRY / Total population / Irish	0			-0.1051241045	1.01E-08
DP02_0137PE	-0.2131504447	-0.1965433555	0.2131504447	0.1965433555	0.01660708923	demographic	ancestry	Selected Social Characteristics in the United States	ANCESTRY / Total population / Italian	0			-0.1965433555	3.98E-27
DP02_0138PE	-0.2018317403	-0.2490836343	0.2018317403	0.2490836343	-0.04725189396	demographic	ancestry	Selected Social Characteristics in the United States	ANCESTRY / Total population / Lithuanian	0			-0.2490836343	4.81E-43
DP02_0139PE	-0.3128138707	-0.4845564965	0.3128138707	0.4845564965	-0.1717426258	demographic	ancestry	Selected Social Characteristics in the United States	ANCESTRY / Total population / Norwegian	0			-0.4845564965	6.62E-174
DP02_0140PE	-0.2489106074	-0.4109635517	0.2489106074	0.4109635517	-0.1620529443	demographic	ancestry	Selected Social Characteristics in the United States	ANCESTRY / Total population / Polish	0			-0.4109635517	7.71E-121
DP02_0141PE	-0.09574172617	-0.213178676	0.09574172617	0.213178676	-0.1174369498	demographic	ancestry	Selected Social Characteristics in the United States	ANCESTRY / Total population / Portuguese	0			-0.213178676	1.00E-31
DP02_0142PE	-0.3214953718	-0.4576801581	0.3214953718	0.4576801581	-0.1361847863	demographic	ancestry	Selected Social Characteristics in the United States	ANCESTRY / Total population / Russian	0			-0.4576801581	5.37E-153
DP02_0143PE	0.1231468174	0.1493147552	0.1231468174	0.1493147552	0.0261679378	demographic	ancestry	Selected Social Characteristics in the United States	ANCESTRY / Total population / Scotch-Irish	0			0.1493147552	3.34E-16
DP02_0144PE	-0.04132682398	-0.02282687165	0.04132682398	0.02282687165	0.01849995233	demographic	ancestry	Selected Social Characteristics in the United States	ANCESTRY / Total population / Scottish	0			-0.02282687165	0.2147116394
DP02_0145PE	-0.0996955687	-0.2228704732	0.0996955687	0.2228704732	-0.1231749045	demographic	ancestry	Selected Social Characteristics in the United States	ANCESTRY / Total population / Slovak	0			-0.2228704732	1.37E-34
DP02_0146PE	-0.09723648146	-0.10881089	0.09723648146	0.10881089	-0.01157440854	demographic	ancestry	Selected Social Characteristics in the United States	ANCESTRY / Total population / Subsaharan African	0			-0.10881089	3.01E-09
DP02_0147PE	-0.3822759982	-0.5320066804	0.3822759982	0.5320066804	-0.1497306822	demographic	ancestry	Selected Social Characteristics in the United States	ANCESTRY / Total population / Swedish	0			-0.5320066804	1.03E-215
DP02_0148PE	-0.08004552884	-0.2869435656	0.08004552884	0.2869435656	-0.2068980367	demographic	ancestry	Selected Social Characteristics in the United States	ANCESTRY / Total population / Swiss	0			-0.2869435656	3.90E-57
DP02_0149PE	-0.2578922142	-0.3425860687	0.2578922142	0.3425860687	-0.08469385446	demographic	ancestry	Selected Social Characteristics in the United States	ANCESTRY / Total population / Ukrainian	0			-0.3425860687	3.54E-82
DP02_0150PE	-0.07042432617	-0.1209819862	0.07042432617	0.1209819862	-0.05055765999	demographic	ancestry	Selected Social Characteristics in the United States	ANCESTRY / Total population / Welsh	0			-0.1209819862	4.14E-11
DP02_0151PE	-0.1424031072	-0.09936347288	0.1424031072	0.09936347288	0.04303963436	demographic	ancestry	Selected Social Characteristics in the United States	ANCESTRY / Total population / West Indian (excluding Hispanic origin groups)	0			-0.09936347288	6.18E-08
DP04_0038PE	-0.2179551552	-0.1454154589	0.2179551552	0.1454154589	0.07253969636	housing structure		Selected Housing Characteristics	BEDROOMS / Total housing units	0			-0.1454154589	1.94E-15
DP04_0040PE	-0.2212386696	-0.1903243952	0.2212386696	0.1903243952	0.03091427445	housing structure		Selected Housing Characteristics	BEDROOMS / Total housing units / 1 bedroom		House	Structure - Bedrooms	-0.1903243952	1.65E-25
DP04_0041PE	0.1357763438	0.1333505677	0.1357763438	0.1333505677	-0.002425776065	housing structure		Selected Housing Characteristics	BEDROOMS / Total housing units / 2 bedrooms		House	Structure - Bedrooms	0.1333505677	3.35E-13
DP04_0042PE	0.52269493	0.5491737274	0.52269493	0.5491737274	0.02647879746	household structure		Selected Housing Characteristics	BEDROOMS / Total housing units / 3 bedrooms		House	Structure - Bedrooms	0.5491737274	1.50E-232
DP04_0043PE	-0.4840790713	-0.5325731741	0.4840790713	0.5325731741	-0.04849410279	housing structure		Selected Housing Characteristics	BEDROOMS / Total housing units / 4 bedrooms		House	Structure - Bedrooms	-0.5325731741	2.98E-216
DP04_0044PE	-0.4728924901	-0.5333235994	0.4728924901	0.5333235994	-0.0604311093	housing structure		Selected Housing Characteristics	BEDROOMS / Total housing units / 5 or more bedrooms		House	Structure - Bedrooms	-0.5333235994	5.71E-217
DP04_0039PE	-0.0871355447	-0.07252265298	0.0871355447	0.07252265298	0.01461289172	housing structure		Selected Housing Characteristics	BEDROOMS / Total housing units / No bedroom		House	Structure - Bedrooms	-0.07252265298	7.93E-05
DP05_0106PE	-0.2196983074	-0.1416015624	0.2196983074	0.1416015624	0.07809674501	demographic		ACS Demographic and Housing Estimates	CITIZEN, VOTING AGE POPULATION / Citizen, 18 and over population	0			-0.1416015624	1.04E-14
DP05_0108PE	0.08570218624	0.1404101994	0.08570218624	0.1404101994	0.05470801312	demographic	citizenship	ACS Demographic and Housing Estimates	CITIZEN, VOTING AGE POPULATION / Citizen, 18 and over population / Female	0			0.1404101994	1.74E-14
DP05_0107PE	-0.08570218624	-0.1404101994	0.08570218624	0.1404101994	-0.05470801312	demographic	citizenship	ACS Demographic and Housing Estimates	CITIZEN, VOTING AGE POPULATION / Citizen, 18 and over population / Male	0			-0.1404101994	1.74E-14
DP03_0046PE	-0.226603539	-0.1963559832	0.226603539	0.1963559832	0.03024755585	labor	structure	Selected Economic Characteristics	CLASS OF WORKER / Civilian employed population 16 years and over	0			-0.1963559832	4.46E-27
DP03_0048PE	0.1133644066	0.09879398423	0.1133644066	0.09879398423	-0.0145704224	labor	structure	Selected Economic Characteristics	CLASS OF WORKER / Civilian employed population 16 years and over / Government workers		Labor force	class of worker	0.09879398423	7.36E-08
DP03_0047PE	-0.01566535187	-0.005183742859	0.01566535187	0.005183742859	0.01048160901	labor	structure	Selected Economic Characteristics	CLASS OF WORKER / Civilian employed population 16 years and over / Private wage and salary workers		Labor force	class of worker	-0.005183742859	0.778159621
DP03_0049PE	-0.1352657152	-0.07894061226	0.1352657152	0.07894061226	0.0563251029	labor		Selected Economic Characteristics	CLASS OF WORKER / Civilian employed population 16 years and over / Self-employed in own not incorporated business workers		Labor force	class of worker	-0.07894061226	1.73E-05
DP03_0050PE	-0.0400181418	-0.05743779964	0.0400181418	0.05743779964	-0.01741965784	labor	structure	Selected Economic Characteristics	CLASS OF WORKER / Civilian employed population 16 years and over / Unpaid family workers		Labor force	class of worker	-0.05743779964	0.001783495834
DP03_0018PE	-0.22774694	-0.197789888	0.22774694	0.197789888	0.02995705196	life style	commuting	Selected Economic Characteristics	COMMUTING TO WORK / Workers 16 years and over	0			-0.197789888	1.86E-27
DP03_0020PE	0.1399404718	0.1723029273	0.1399404718	0.1723029273	0.03236245542	life style	commuting	Selected Economic Characteristics	COMMUTING TO WORK / Workers 16 years and over / Car, truck, or van -- carpooled		Life style	Commuting	0.1723029273	3.92E-21
DP03_0019PE	0.3614232619	0.4069494945	0.3614232619	0.4069494945	0.04552623257	life style	commuting	Selected Economic Characteristics	COMMUTING TO WORK / Workers 16 years and over / Car, truck, or van -- drove alone		Life style	Commuting	0.4069494945	2.63E-118
DP03_0023PE	-0.01402622671	-0.0859046884	0.01402622671	0.0859046884	-0.07187846169	life style	commuting	Selected Economic Characteristics	COMMUTING TO WORK / Workers 16 years and over / Other means		Life style	Commuting	-0.0859046884	2.91E-06
DP03_0021PE	-0.1962799342	-0.1616040867	0.1962799342	0.1616040867	0.03467584757	life style	commuting	Selected Economic Characteristics	COMMUTING TO WORK / Workers 16 years and over / Public transportation		Life style	Commuting	-0.1616040867	9.51E-19
DP03_0022PE	-0.1899434766	-0.2618986089	0.1899434766	0.2618986089	-0.0719551323	life style	commuting	Selected Economic Characteristics	COMMUTING TO WORK / Workers 16 years and over / Walked		Life style	Commuting	-0.2618986089	1.47E-47
DP03_0024PE	-0.4259679111	-0.4274259569	0.4259679111	0.4274259569	-0.001458045773	life style	commuting	Selected Economic Characteristics	COMMUTING TO WORK / Workers 16 years and over / Worked from home		Life style	Commuting	-0.4274259569	1.34E-131
DP02_0152PE	-0.2202939411	-0.1538496682	0.2202939411	0.1538496682	0.06644427291	digital access		Selected Social Characteristics in the United States	COMPUTERS AND INTERNET USE / Total households	0			-0.1538496682	4.06E-17
DP02_0154PE	-0.4986997334	-0.5472316041	0.4986997334	0.5472316041	-0.04853187065	digital access		Selected Social Characteristics in the United States	COMPUTERS AND INTERNET USE / Total households / With a broadband Internet subscription		Digital access	General	-0.5472316041	1.35E-230
DP02_0153PE	-0.5062870817	-0.5480303793	0.5062870817	0.5480303793	-0.04174329754	digital access		Selected Social Characteristics in the United States	COMPUTERS AND INTERNET USE / Total households / With a computer		Digital access	General	-0.5480303793	2.13E-231
DP02_0075PE	-0.2142724589	-0.1512307594	0.2142724589	0.1512307594	0.06304169949	disability		Selected Social Characteristics in the United States	DISABILITY STATUS OF THE CIVILIAN NONINSTITUTIONALIZED POPULATION / 18 to 64 years	0			-0.1512307594	1.38E-16
DP02_0076PE	0.6293122622	0.6624681585	0.6293122622	0.6624681585	0.03315589624	disabillity		Selected Social Characteristics in the United States	DISABILITY STATUS OF THE CIVILIAN NONINSTITUTIONALIZED POPULATION / 18 to 64 years / With a disability		Disability	Disability prevalence	0.6624681585	0
DP02_0077PE	-0.215841191	-0.1379871267	0.215841191	0.1379871267	0.07785406432	disability		Selected Social Characteristics in the United States	DISABILITY STATUS OF THE CIVILIAN NONINSTITUTIONALIZED POPULATION / 65 years and over	0	Disability	Disability prevalence	-0.1379871267	4.88E-14
DP02_0078PE	0.4990443592	0.5420126919	0.4990443592	0.5420126919	0.04296833266	disability		Selected Social Characteristics in the United States	DISABILITY STATUS OF THE CIVILIAN NONINSTITUTIONALIZED POPULATION / 65 years and over / With a disability		Disability	Disability prevalence	0.5420126919	2.08E-225
DP02_0071PE	-0.2150032489	-0.1496338994	0.2150032489	0.1496338994	0.06536934955	disability		Selected Social Characteristics in the United States	DISABILITY STATUS OF THE CIVILIAN NONINSTITUTIONALIZED POPULATION / Total Civilian Noninstitutionalized Population	0	Disability	Disability prevalence	-0.1496338994	2.88E-16
DP02_0072PE	0.612378192	0.6474913066	0.612378192	0.6474913066	0.03511311463	disabillity		Selected Social Characteristics in the United States	DISABILITY STATUS OF THE CIVILIAN NONINSTITUTIONALIZED POPULATION / Total Civilian Noninstitutionalized Population / With a disability		Disability	Disability prevalence	0.6474913066	0
DP02_0073PE	-0.2125693545	-0.148501715	0.2125693545	0.148501715	0.06406763951	disability		Selected Social Characteristics in the United States	DISABILITY STATUS OF THE CIVILIAN NONINSTITUTIONALIZED POPULATION / Under 18 years	0	Disability	Disability prevalence	-0.148501715	4.84E-16
DP02_0074PE	0.3122466275	0.3356139608	0.3122466275	0.3356139608	0.02336733332	disability		Selected Social Characteristics in the United States	DISABILITY STATUS OF THE CIVILIAN NONINSTITUTIONALIZED POPULATION / Under 18 years / With a disability		Disability	Disability prevalence	0.3356139608	1.03E-78
DP02_0059PE	-0.2146936526	-0.1450640414	0.2146936526	0.1450640414	0.06962961117	education		Selected Social Characteristics in the United States	EDUCATIONAL ATTAINMENT / Population 25 years and over	0			-0.1450640414	2.27E-15
DP02_0061PE	0.5836106767	0.642654213	0.5836106767	0.642654213	0.05904353629	education		Selected Social Characteristics in the United States	EDUCATIONAL ATTAINMENT / Population 25 years and over / 9th to 12th grade, no diploma		Education	Educational attainment	0.642654213	0
DP02_0064PE	-0.2393936209	-0.2341311728	0.2393936209	0.2341311728	0.005262448188	education		Selected Social Characteristics in the United States	EDUCATIONAL ATTAINMENT / Population 25 years and over / Associate's degree		Education	Educational attainment	-0.2341311728	4.28E-38
DP02_0065PE	-0.6927023748	-0.7234223876	0.6927023748	0.7234223876	-0.03072001278	education		Selected Social Characteristics in the United States	EDUCATIONAL ATTAINMENT / Population 25 years and over / Bachelor's degree		Education	Educational attainment	-0.7234223876	0
DP02_0068PE	-0.6478366354	-0.6827670314	0.6478366354	0.6827670314	-0.03493039599	education		Selected Social Characteristics in the United States	EDUCATIONAL ATTAINMENT / Population 25 years and over / Bachelor's degree or higher		Education	Educational attainment	-0.6827670314	0
DP02_0066PE	-0.5054011099	-0.4879156982	0.5054011099	0.4879156982	0.01748541172	education		Selected Social Characteristics in the United States	EDUCATIONAL ATTAINMENT / Population 25 years and over / Graduate or professional degree		Education	Educational attainment	-0.4879156982	1.18E-176
DP02_0062PE	0.6648016585	0.6577578521	0.6648016585	0.6577578521	-0.007043806403	education		Selected Social Characteristics in the United States	EDUCATIONAL ATTAINMENT / Population 25 years and over / High school graduate (includes equivalency)		Education	Educational attainment	0.6577578521	0
DP02_0067PE	-0.4326158115	-0.5392741192	0.4326158115	0.5392741192	-0.1066583077	education 		Selected Social Characteristics in the United States	EDUCATIONAL ATTAINMENT / Population 25 years and over / High school graduate or higher		Education	Educational attainment	-0.5392741192	1.01E-222
DP02_0060PE	0.1572753807	0.3082264398	0.1572753807	0.3082264398	0.150951059	education		Selected Social Characteristics in the United States	EDUCATIONAL ATTAINMENT / Population 25 years and over / Less than 9th grade		Education	Educational attainment	0.3082264398	4.40E-66
DP02_0063PE	0.007026591214	0.005324780229	0.007026591214	0.005324780229	-0.001701810985	education		Selected Social Characteristics in the United States	EDUCATIONAL ATTAINMENT / Population 25 years and over / Some college, no degree		Education	Educational attainment	0.005324780229	0.7722881792
DP03_0008PE	-0.22368552	-0.1901964979	0.22368552	0.1901964979	0.03348902209	labor		Selected Economic Characteristics	EMPLOYMENT STATUS / Civilian labor force	0			-0.1901964979	1.77E-25
DP03_0009PE	0.3798717086	0.3760291278	0.3798717086	0.3760291278	-0.003842580787	labor		Selected Economic Characteristics	EMPLOYMENT STATUS / Civilian labor force / Unemployment Rate		Labor force	status	0.3760291278	6.33E-100
DP03_0010PE	-0.2148246784	-0.1417609736	0.2148246784	0.1417609736	0.07306370484	labor		Selected Economic Characteristics	EMPLOYMENT STATUS / Females 16 years and over	0	Labor force	status	-0.1417609736	9.69E-15
DP03_0011PE	-0.6068764691	-0.6108881787	0.6068764691	0.6108881787	-0.004011709628	labor		Selected Economic Characteristics	EMPLOYMENT STATUS / Females 16 years and over / In labor force		Labor force	status	-0.6108881787	5.70E-302
DP03_0012PE	-0.6029743535	-0.6069043302	0.6029743535	0.6069043302	-0.003929976666	labor		Selected Economic Characteristics	EMPLOYMENT STATUS / Females 16 years and over / In labor force / Civilian labor force		Labor force	status	-0.6069043302	5.06E-297
DP03_0013PE	-0.6328289865	-0.6393810198	0.6328289865	0.6393810198	-0.006552033296	labor		Selected Economic Characteristics	EMPLOYMENT STATUS / Females 16 years and over / In labor force / Civilian labor force / Employed		Labor force	status	-0.6393810198	0
DP03_0016PE	-0.2153601121	-0.1617404087	0.2153601121	0.1617404087	0.05361970334	labor		Selected Economic Characteristics	EMPLOYMENT STATUS / Own children of the householder 6 to 17 years	0			-0.1617404087	8.89E-19
DP03_0017PE	-0.3677325975	-0.3784957602	0.3677325975	0.3784957602	-0.0107631627	labor	family labor	Selected Economic Characteristics	EMPLOYMENT STATUS / Own children of the householder 6 to 17 years / All parents in family in labor force		Labor force	status	-0.3784957602	2.76E-101
DP03_0014PE	-0.2138949875	-0.1542411842	0.2138949875	0.1542411842	0.05965380339	labor		Selected Economic Characteristics	EMPLOYMENT STATUS / Own children of the householder under 6 years	0			-0.1542411842	3.37E-17
DP03_0015PE	-0.2631987498	-0.283977991	0.2631987498	0.283977991	-0.02077924125	labor	military	Selected Economic Characteristics	EMPLOYMENT STATUS / Own children of the householder under 6 years / All parents in family in labor force		Labor force	status	-0.283977991	7.09E-56
DP03_0001PE	-0.2152224745	-0.1472346714	0.2152224745	0.1472346714	0.06798780306	labor		Selected Economic Characteristics	EMPLOYMENT STATUS / Population 16 years and over	0			-0.1472346714	8.59E-16
DP03_0002PE	-0.6212599199	-0.6473014493	0.6212599199	0.6473014493	-0.02604152939	labor		Selected Economic Characteristics	EMPLOYMENT STATUS / Population 16 years and over / In labor force		Labor force	status	-0.6473014493	0
DP03_0006PE	-0.07228950014	-0.1689417908	0.07228950014	0.1689417908	-0.09665229071	labor		Selected Economic Characteristics	EMPLOYMENT STATUS / Population 16 years and over / In labor force / Armed Forces		Laboe force	status	-0.1689417908	2.29E-20
DP03_0003PE	-0.6078491767	-0.6337844761	0.6078491767	0.6337844761	-0.02593529946	labor		Selected Economic Characteristics	EMPLOYMENT STATUS / Population 16 years and over / In labor force / Civilian labor force		Labor force	status	-0.6337844761	0
DP03_0004PE	-0.6346140909	-0.6554910314	0.6346140909	0.6554910314	-0.02087694042	labor		Selected Economic Characteristics	EMPLOYMENT STATUS / Population 16 years and over / In labor force / Civilian labor force / Employed		Labor force	status	-0.6554910314	0
DP03_0005PE	0.2401379505	0.2238077749	0.2401379505	0.2238077749	-0.01633017555	labor		Selected Economic Characteristics	EMPLOYMENT STATUS / Population 16 years and over / In labor force / Civilian labor force / Unemployed		Labor force	status	0.2238077749	7.10E-35
DP03_0007PE	0.6212599199	0.6473014493	0.6212599199	0.6473014493	0.02604152939	labor		Selected Economic Characteristics	EMPLOYMENT STATUS / Population 16 years and over / Not in labor force		Labor force	status	0.6473014493	0
DP02_0037PE	-0.2125398147	-0.1523414652	0.2125398147	0.1523414652	0.06019834955	demographic	fertility	Selected Social Characteristics in the United States	FERTILITY / Number of women 15 to 50 years old who had a birth in the past 12 months	0			-0.1523414652	8.23E-17
DP02_0041PE								Selected Social Characteristics in the United States	FERTILITY / Number of women 15 to 50 years old who had a birth in the past 12 months / Per 1,000 women 15 to 19 years old	0				
DP02_0040PE								Selected Social Characteristics in the United States	FERTILITY / Number of women 15 to 50 years old who had a birth in the past 12 months / Per 1,000 women 15 to 50 years old	0				
DP02_0042PE								Selected Social Characteristics in the United States	FERTILITY / Number of women 15 to 50 years old who had a birth in the past 12 months / Per 1,000 women 20 to 34 years old	0				
DP02_0043PE								Selected Social Characteristics in the United States	FERTILITY / Number of women 15 to 50 years old who had a birth in the past 12 months / Per 1,000 women 35 to 50 years old	0				
DP02_0038PE	0.3318808944	0.3451048862	0.3318808944	0.3451048862	0.01322399177	demographic	fertility	Selected Social Characteristics in the United States	FERTILITY / Number of women 15 to 50 years old who had a birth in the past 12 months / Unmarried women (widowed, divorced, and never married)	0			0.3451048862	1.15E-82
DP02_0039PE								Selected Social Characteristics in the United States	FERTILITY / Number of women 15 to 50 years old who had a birth in the past 12 months / Unmarried women (widowed, divorced, and never married) / Per 1,000 unmarried women	0				
DP02_0044PE	-0.1605065818	-0.004982467751	0.1605065818	0.004982467751	0.155524114	family structure		Selected Social Characteristics in the United States	GRANDPARENTS / Number of grandparents living with own grandchildren under 18 years	0			-0.004982467751	0.7865606753
DP02_0045PE	0.3018648548	0.3521028345	0.3018648548	0.3521028345	0.05023797969	household	structure	Selected Social Characteristics in the United States	GRANDPARENTS / Number of grandparents living with own grandchildren under 18 years / Grandparents responsible for grandchildren		Demographic	Household structure	0.3521028345	6.04E-86
DP02_0047PE	0.08561414745	0.1686465513	0.08561414745	0.1686465513	0.08303240389	household	structure	Selected Social Characteristics in the United States	GRANDPARENTS / Number of grandparents living with own grandchildren under 18 years / Years responsible for grandchildren / 1 or 2 years		Demographic	Household structure	0.1686465513	4.58E-20
DP02_0048PE	0.1218372786	0.2079526822	0.1218372786	0.2079526822	0.08611540355	household	structure	Selected Social Characteristics in the United States	GRANDPARENTS / Number of grandparents living with own grandchildren under 18 years / Years responsible for grandchildren / 3 or 4 years		Demographic	Household structure	0.2079526822	7.02E-30
DP02_0049PE	0.2211088419	0.2904717157	0.2211088419	0.2904717157	0.06936287386	household	structure	Selected Social Characteristics in the United States	GRANDPARENTS / Number of grandparents living with own grandchildren under 18 years / Years responsible for grandchildren / 5 or more years		Demographic	Household structure	0.2904717157	7.43E-58
DP02_0046PE	0.05157138988	0.1160511628	0.05157138988	0.1160511628	0.06447977292	household	structure	Selected Social Characteristics in the United States	GRANDPARENTS / Number of grandparents living with own grandchildren under 18 years / Years responsible for grandchildren / Less than 1 year		Demographic	Household structure	0.1160511628	3.20E-10
DP02_0050PE	-0.1420240783	0.0635178222	0.1420240783	0.0635178222	0.2055419005	family structure		Selected Social Characteristics in the United States	GRANDPARENTS / Number of grandparents responsible for own grandchildren under 18 years	0			0.0635178222	0.0005494031412
DP02_0051PE	0.06133373712	0.06705300098	0.06133373712	0.06705300098	0.005719263859	family structure		Selected Social Characteristics in the United States	GRANDPARENTS / Number of grandparents responsible for own grandchildren under 18 years / Who are female		Demographic	Household structure	0.06705300098	0.0003359381173
DP02_0052PE	-0.03565761708	-0.06097068676	0.03565761708	0.06097068676	-0.02531306968	family structure		Selected Social Characteristics in the United States	GRANDPARENTS / Number of grandparents responsible for own grandchildren under 18 years / Who are married		Demographic	Household structure	-0.06097068676	0.001114220001
DP04_0126PE	-0.1887849168	-0.1533308995	0.1887849168	0.1533308995	0.03545401732	housing cost	rent	Selected Housing Characteristics	GROSS RENT / Occupied units paying rent	0			-0.1533308995	5.18E-17
DP04_0129PE	-0.1845279804	-0.1997946172	0.1845279804	0.1997946172	-0.01526663683	housing cost	rent	Selected Housing Characteristics	GROSS RENT / Occupied units paying rent / $1,000 to $1,499		House	Rent	-0.1997946172	5.40E-28
DP04_0130PE	-0.4225906017	-0.4177903227	0.4225906017	0.4177903227	0.004800279071	housing cost	rent	Selected Housing Characteristics	GROSS RENT / Occupied units paying rent / $1,500 to $1,999		House	Rent	-0.4177903227	3.15E-125
DP04_0131PE	-0.422352819	-0.3802678215	0.422352819	0.3802678215	0.04208499751	housing cost	rent	Selected Housing Characteristics	GROSS RENT / Occupied units paying rent / $2,000 to $2,499		House	Rent	-0.3802678215	2.49E-102
DP04_0132PE	-0.3840530295	-0.3744164922	0.3840530295	0.3744164922	0.009636537311	housing cost	rent	Selected Housing Characteristics	GROSS RENT / Occupied units paying rent / $2,500 to $2,999		House	Rent	-0.3744164922	5.09E-99
DP04_0133PE	-0.3547370105	-0.3435645783	0.3547370105	0.3435645783	0.01117243221	housing cost	rent	Selected Housing Characteristics	GROSS RENT / Occupied units paying rent / $3,000 or more		House	Rent	-0.3435645783	1.15E-82
DP04_0128PE	0.3981022926	0.3848056036	0.3981022926	0.3848056036	-0.01329668904	housing cost	rent	Selected Housing Characteristics	GROSS RENT / Occupied units paying rent / $500 to $999		House	Rent	0.3848056036	6.07E-105
DP04_0127PE	0.3680147494	0.430246718	0.3680147494	0.430246718	0.06223196861	housing cost	rent	Selected Housing Characteristics	GROSS RENT / Occupied units paying rent / Less than $500		House	Rent	0.430246718	1.67E-133
DP04_0136PE	-0.1894986665	-0.1568816119	0.1894986665	0.1568816119	0.03261705455	housing cost burden	rent	Selected Housing Characteristics	GROSS RENT AS A PERCENTAGE OF HOUSEHOLD INCOME (GRAPI) / Occupied units paying rent (excluding units where GRAPI cannot be computed)		House		-0.1568816119	9.56E-18
DP04_0138PE	-0.07251847973	-0.07968749223	0.07251847973	0.07968749223	-0.007169012496	housing cost burden	rent	Selected Housing Characteristics	GROSS RENT AS A PERCENTAGE OF HOUSEHOLD INCOME (GRAPI) / Occupied units paying rent (excluding units where GRAPI cannot be computed) / 15.0 to 19.9 percent		House	Cost burden - Rent	-0.07968749223	1.44E-05
DP04_0139PE	-0.08166931924	-0.1202091047	0.08166931924	0.1202091047	-0.03853978546	housing cost burden	rent	Selected Housing Characteristics	GROSS RENT AS A PERCENTAGE OF HOUSEHOLD INCOME (GRAPI) / Occupied units paying rent (excluding units where GRAPI cannot be computed) / 20.0 to 24.9 percent		House	Cost burden - Rent	-0.1202091047	5.50E-11
DP04_0140PE	-0.007991034232	-0.02613374412	0.007991034232	0.02613374412	-0.01814270988	housing cost burden	rent	Selected Housing Characteristics	GROSS RENT AS A PERCENTAGE OF HOUSEHOLD INCOME (GRAPI) / Occupied units paying rent (excluding units where GRAPI cannot be computed) / 25.0 to 29.9 percent		House	Cost burden - Rent	-0.02613374412	0.1554592539
DP04_0141PE	-0.004503328024	-0.01757472617	0.004503328024	0.01757472617	-0.01307139814	housing cost burden	rent	Selected Housing Characteristics	GROSS RENT AS A PERCENTAGE OF HOUSEHOLD INCOME (GRAPI) / Occupied units paying rent (excluding units where GRAPI cannot be computed) / 30.0 to 34.9 percent		House	Cost burden - Rent	-0.01757472617	0.3394806978
DP04_0142PE	0.100418865	0.05780197741	0.100418865	0.05780197741	-0.04261688756	housing cost burden	rent	Selected Housing Characteristics	GROSS RENT AS A PERCENTAGE OF HOUSEHOLD INCOME (GRAPI) / Occupied units paying rent (excluding units where GRAPI cannot be computed) / 35.0 percent or more		House	Cost burden - Rent	0.05780197741	0.001666887655
DP04_0137PE	-0.007048302029	0.08058023732	0.007048302029	0.08058023732	0.08762853935	housing cost burden	rent	Selected Housing Characteristics	GROSS RENT AS A PERCENTAGE OF HOUSEHOLD INCOME (GRAPI) / Occupied units paying rent (excluding units where GRAPI cannot be computed) / Less than 15.0 percent		House	Cost burden - Rent	0.08058023732	1.15E-05
DP03_0095PE	-0.2150032489	-0.1496338994	0.2150032489	0.1496338994	0.06536934955	insurance		Selected Economic Characteristics	HEALTH INSURANCE COVERAGE / Civilian noninstitutionalized population	0			-0.1496338994	2.88E-16
DP03_0099PE	0.22215325	0.2778959834	0.22215325	0.2778959834	0.05574273347	insurance		Selected Economic Characteristics	HEALTH INSURANCE COVERAGE / Civilian noninstitutionalized population / No health insurance coverage		Insurance	No insurance	0.2778959834	1.47E-53
DP03_0096PE	-0.22215325	-0.2778959834	0.22215325	0.2778959834	-0.05574273347	insurance		Selected Economic Characteristics	HEALTH INSURANCE COVERAGE / Civilian noninstitutionalized population / With health insurance coverage		Insurance	Insurance	-0.2778959834	1.47E-53
DP03_0097PE	-0.6508048552	-0.6754180301	0.6508048552	0.6754180301	-0.02461317491	insurance	private	Selected Economic Characteristics	HEALTH INSURANCE COVERAGE / Civilian noninstitutionalized population / With health insurance coverage / With private health insurance		Insurance	Private insurance	-0.6754180301	0
DP03_0098PE	0.6196109428	0.6184993216	0.6196109428	0.6184993216	-0.00111162119	insurance	public	Selected Economic Characteristics	HEALTH INSURANCE COVERAGE / Civilian noninstitutionalized population / With health insurance coverage / With public coverage		Insurance	Public insurance	0.6184993216	0.00E-02
DP03_0102PE	-0.214060267	-0.1508976855	0.214060267	0.1508976855	0.06316258153	insurance		Selected Economic Characteristics	HEALTH INSURANCE COVERAGE / Civilian noninstitutionalized population 19 to 64 years	0	Insurance	General	-0.1508976855	1.61E-16
DP03_0103PE	-0.2218232604	-0.1854275433	0.2218232604	0.1854275433	0.03639571713	insurance		Selected Economic Characteristics	HEALTH INSURANCE COVERAGE / Civilian noninstitutionalized population 19 to 64 years / In labor force:		Insurance	General	-0.1854275433	2.83E-24
DP03_0104PE	-0.2247177636	-0.1916461733	0.2247177636	0.1916461733	0.03307159028	insurance		Selected Economic Characteristics	HEALTH INSURANCE COVERAGE / Civilian noninstitutionalized population 19 to 64 years / In labor force: / Employed:		Insurance	General	-0.1916461733	7.54E-26
DP03_0108PE	0.2689167574	0.3256256078	0.2689167574	0.3256256078	0.05670885038	insurance		Selected Economic Characteristics	HEALTH INSURANCE COVERAGE / Civilian noninstitutionalized population 19 to 64 years / In labor force: / Employed: / No health insurance coverage		Insurance	No insurance	0.3256256078	5.69E-74
DP03_0105PE	-0.2689258908	-0.3256318408	0.2689258908	0.3256318408	-0.05670594994	insurance		Selected Economic Characteristics	HEALTH INSURANCE COVERAGE / Civilian noninstitutionalized population 19 to 64 years / In labor force: / Employed: / With health insurance coverage		Insurance	Insurance	-0.3256318408	5.65E-74
DP03_0106PE	-0.4662463158	-0.5023511492	0.4662463158	0.5023511492	-0.03610483347	insurance	private	Selected Economic Characteristics	HEALTH INSURANCE COVERAGE / Civilian noninstitutionalized population 19 to 64 years / In labor force: / Employed: / With health insurance coverage / With private health insurance		Insurance	Private insurance	-0.5023511492	8.17E-189
DP03_0107PE	0.3654069484	0.3524023446	0.3654069484	0.3524023446	-0.01300460377	insurance	public	Selected Economic Characteristics	HEALTH INSURANCE COVERAGE / Civilian noninstitutionalized population 19 to 64 years / In labor force: / Employed: / With health insurance coverage / With public coverage		Insurance	Public insurance	0.3524023446	3.63E-87
DP03_0109PE	-0.1718669477	-0.06583882877	0.1718669477	0.06583882877	0.1060281189	insurance		Selected Economic Characteristics	HEALTH INSURANCE COVERAGE / Civilian noninstitutionalized population 19 to 64 years / In labor force: / Unemployed:		Insurance	General	-0.06583882877	0.0003410113647
DP03_0113PE	0.1276278325	0.1729423582	0.1276278325	0.1729423582	0.04531452572	insurance		Selected Economic Characteristics	HEALTH INSURANCE COVERAGE / Civilian noninstitutionalized population 19 to 64 years / In labor force: / Unemployed: / No health insurance coverage		Insurance	No insurance	0.1729423582	4.10E-21
DP03_0110PE	-0.1276309875	-0.1729534466	0.1276309875	0.1729534466	-0.0453224591	insurance		Selected Economic Characteristics	HEALTH INSURANCE COVERAGE / Civilian noninstitutionalized population 19 to 64 years / In labor force: / Unemployed: / With health insurance coverage		Insurance	General	-0.1729534466	4.08E-21
DP03_0111PE	-0.3614598563	-0.3884628018	0.3614598563	0.3884628018	-0.02700294545	insurance		Selected Economic Characteristics	HEALTH INSURANCE COVERAGE / Civilian noninstitutionalized population 19 to 64 years / In labor force: / Unemployed: / With health insurance coverage / With private health insurance		Insurance	Private insurance	-0.3884628018	3.44E-106
DP03_0112PE	0.2174424178	0.2135074959	0.2174424178	0.2135074959	-0.003934921927	insurance	public	Selected Economic Characteristics	HEALTH INSURANCE COVERAGE / Civilian noninstitutionalized population 19 to 64 years / In labor force: / Unemployed: / With health insurance coverage / With public coverage		Insurance	Public insurance	0.2135074959	1.45E-31
DP03_0114PE	-0.1820261158	-0.04187563369	0.1820261158	0.04187563369	0.1401504821	insurance		Selected Economic Characteristics	HEALTH INSURANCE COVERAGE / Civilian noninstitutionalized population 19 to 64 years / Not in labor force:		Insurance	General	-0.04187563369	0.02279956972
DP03_0118PE	0.1206977382	0.1621530234	0.1206977382	0.1621530234	0.0414552852	insurance		Selected Economic Characteristics	HEALTH INSURANCE COVERAGE / Civilian noninstitutionalized population 19 to 64 years / Not in labor force: / No health insurance coverage		Insurance	No insurance	0.1621530234	7.24E-19
DP03_0115PE	-0.1207199813	-0.1621773372	0.1207199813	0.1621773372	-0.04145735591	insurance		Selected Economic Characteristics	HEALTH INSURANCE COVERAGE / Civilian noninstitutionalized population 19 to 64 years / Not in labor force: / With health insurance coverage		Insurance	General	-0.1621773372	7.15E-19
DP03_0116PE	-0.6035808713	-0.6218424136	0.6035808713	0.6218424136	-0.01826154227	insurance	private	Selected Economic Characteristics	HEALTH INSURANCE COVERAGE / Civilian noninstitutionalized population 19 to 64 years / Not in labor force: / With health insurance coverage / With private health insurance		Insurance	Private insurance	-0.6218424136	0.00E-02
DP03_0117PE	0.5478524199	0.5508070531	0.5478524199	0.5508070531	0.002954633147	insurance	public	Selected Economic Characteristics	HEALTH INSURANCE COVERAGE / Civilian noninstitutionalized population 19 to 64 years / Not in labor force: / With health insurance coverage / With public coverage		Insurance	Public insurance	0.5508070531	3.33E-234
DP03_0100PE	-0.2132268953	-0.1495942683	0.2132268953	0.1495942683	0.06363262702	insurance		Selected Economic Characteristics	HEALTH INSURANCE COVERAGE / Civilian noninstitutionalized population under 19 years		Insurance	General	-0.1495942683	2.94E-16
DP03_0101PE	0.0672514883	0.06990984159	0.0672514883	0.06990984159	0.002658353291	insurance		Selected Economic Characteristics	HEALTH INSURANCE COVERAGE / Civilian noninstitutionalized population under 19 years / No health insurance coverage		Insurance	No insurance	0.06990984159	0.0001427588997
DP05_0089PE	-0.215003258	-0.1477640297	0.215003258	0.1477640297	0.06723922834	demographic	race	ACS Demographic and Housing Estimates	HISPANIC OR LATINO AND RACE / Total population	0			-0.1477640297	6.76E-16
DP05_0090PE	-0.2178583947	-0.3308711144	0.2178583947	0.3308711144	-0.1130127197	demographic	race	ACS Demographic and Housing Estimates	HISPANIC OR LATINO AND RACE / Total population / Hispanic or Latino (of any race)	0			-0.3308711144	1.87E-76
DP05_0093PE	-0.08999078229	-0.1764969814	0.08999078229	0.1764969814	-0.08650619909	demographic	language	ACS Demographic and Housing Estimates	HISPANIC OR LATINO AND RACE / Total population / Hispanic or Latino (of any race) / Cuban	0			-0.1764969814	4.13E-22
DP05_0091PE	-0.1438711711	-0.2470538668	0.1438711711	0.2470538668	-0.1031826957	demographic	race	ACS Demographic and Housing Estimates	HISPANIC OR LATINO AND RACE / Total population / Hispanic or Latino (of any race) / Mexican	0			-0.2470538668	2.37E-42
DP05_0094PE	-0.2830733419	-0.3274686754	0.2830733419	0.3274686754	-0.04439533349	demographic	race	ACS Demographic and Housing Estimates	HISPANIC OR LATINO AND RACE / Total population / Hispanic or Latino (of any race) / Other Hispanic or Latino	0			-0.3274686754	7.74E-75
DP05_0092PE	-0.1484483721	-0.1807004144	0.1484483721	0.1807004144	-0.03225204226	demographic	race	ACS Demographic and Housing Estimates	HISPANIC OR LATINO AND RACE / Total population / Hispanic or Latino (of any race) / Puerto Rican	0			-0.1807004144	4.08E-23
DP05_0095PE	0.2178583947	0.3308711144	0.2178583947	0.3308711144	0.1130127197	demographic	race	ACS Demographic and Housing Estimates	HISPANIC OR LATINO AND RACE / Total population / Not Hispanic or Latino	0			0.3308711144	1.87E-76
DP05_0098PE	0.131441049	-0.07200854986	0.131441049	0.07200854986	-0.2034495989	demographic	race	ACS Demographic and Housing Estimates	HISPANIC OR LATINO AND RACE / Total population / Not Hispanic or Latino / American Indian and Alaska Native alone	0			-0.07200854986	8.91E-05
DP05_0099PE	-0.3612616417	-0.3412144272	0.3612616417	0.3412144272	0.02004721455	demographic	race	ACS Demographic and Housing Estimates	HISPANIC OR LATINO AND RACE / Total population / Not Hispanic or Latino / Asian alone	0			-0.3412144272	1.71E-81
DP05_0097PE	0.1976531083	0.190101025	0.1976531083	0.190101025	-0.007552083246	demographic	race	ACS Demographic and Housing Estimates	HISPANIC OR LATINO AND RACE / Total population / Not Hispanic or Latino / Black or African American alone	0			0.190101025	1.88E-25
DP05_0100PE	-0.06665017078	-0.05611106252	0.06665017078	0.05611106252	0.01053910826	demographic	race	ACS Demographic and Housing Estimates	HISPANIC OR LATINO AND RACE / Total population / Not Hispanic or Latino / Native Hawaiian and Other Pacific Islander alone	0			-0.05611106252	0.002274565056
DP05_0101PE	-0.1576048241	-0.2318067134	0.1576048241	0.2318067134	-0.07420188926	demographic	race	ACS Demographic and Housing Estimates	HISPANIC OR LATINO AND RACE / Total population / Not Hispanic or Latino / Some Other Race alone	0			-0.2318067134	2.35E-37
DP05_0102PE	0.004600785255	-0.00555897488	0.004600785255	0.00555897488	-0.01015976014	demographic	race	ACS Demographic and Housing Estimates	HISPANIC OR LATINO AND RACE / Total population / Not Hispanic or Latino / Two or More Races	0			-0.00555897488	0.7625674371
DP05_0104PE	0.02290686802	0.03461733642	0.02290686802	0.03461733642	0.0117104684	demographic	race	ACS Demographic and Housing Estimates	HISPANIC OR LATINO AND RACE / Total population / Not Hispanic or Latino / Two or More Races / Two races excluding Some Other Race, and three or more races	0			0.03461733642	0.05985208009
DP05_0103PE	-0.03998586687	-0.1358185346	0.03998586687	0.1358185346	-0.09583266772	demographic	race	ACS Demographic and Housing Estimates	HISPANIC OR LATINO AND RACE / Total population / Not Hispanic or Latino / Two or More Races / Two races including Some Other Race	0			-0.1358185346	1.21E-13
DP05_0096PE	0.02258112722	0.02775110478	0.02258112722	0.02775110478	0.005169977557	demographic	race	ACS Demographic and Housing Estimates	HISPANIC OR LATINO AND RACE / Total population / Not Hispanic or Latino / White alone	0			0.02775110478	0.1314380682
DP04_0062PE	-0.2202939411	-0.1538496682	0.2202939411	0.1538496682	0.06644427291	housing characteristics		Selected Housing Characteristics	HOUSE HEATING FUEL / Occupied housing units	0			-0.1538496682	4.06E-17
DP04_0064PE	-0.05391516439	-0.001975083164	0.05391516439	0.001975083164	0.05194008122	housing characteristics		Selected Housing Characteristics	HOUSE HEATING FUEL / Occupied housing units / Bottled or tank gas (propane, butane, etc.)		House	Characteristics	-0.001975083164	0.9145206817
DP04_0067PE	0.02483939675	0.009098258406	0.02483939675	0.009098258406	-0.01574113834	housing characteristics		Selected Housing Characteristics	HOUSE HEATING FUEL / Occupied housing units / Coal or coke		House	Characteristics	0.009098258406	0.6209776658
DP04_0065PE	0.2770310517	0.2970985294	0.2770310517	0.2970985294	0.02006747774	housing characteristics		Selected Housing Characteristics	HOUSE HEATING FUEL / Occupied housing units / Electricity		House	Characteristics	0.2970985294	2.61E-61
DP04_0066PE	-0.09280689814	-0.1233349325	0.09280689814	0.1233349325	-0.03052803438	housing characteristics		Selected Housing Characteristics	HOUSE HEATING FUEL / Occupied housing units / Fuel oil, kerosene, etc.		House	Characteristics	-0.1233349325	1.71E-11
DP04_0071PE	-0.06207750555	-0.02321566221	0.06207750555	0.02321566221	0.03886184334	housing characteristics		Selected Housing Characteristics	HOUSE HEATING FUEL / Occupied housing units / No fuel used		House	Characteristics	-0.02321566221	0.2070023826
DP04_0070PE	-0.1006582038	-0.1951287538	0.1006582038	0.1951287538	-0.09447055003	housing characteristics		Selected Housing Characteristics	HOUSE HEATING FUEL / Occupied housing units / Other fuel		House	Characteristics	-0.1951287538	9.38E-27
DP04_0069PE	-0.1126291667	-0.1687995892	0.1126291667	0.1687995892	-0.05617042242	housing characteristics		Selected Housing Characteristics	HOUSE HEATING FUEL / Occupied housing units / Solar energy		House	Characteristics	-0.1687995892	2.47E-20
DP04_0063PE	-0.2572794403	-0.2723627402	0.2572794403	0.2723627402	-0.01508329988	housing characteristics		Selected Housing Characteristics	HOUSE HEATING FUEL / Occupied housing units / Utility gas		House	Characteristics	-0.2723627402	1.94E-51
DP04_0068PE	0.1694008505	0.2391834187	0.1694008505	0.2391834187	0.06978256813	housing characteristics		Selected Housing Characteristics	HOUSE HEATING FUEL / Occupied housing units / Wood		House	Characteristics	0.2391834187	9.94E-40
DP02_0001PE	-0.2202939411	-0.1538496682	0.2202939411	0.1538496682	0.06644427291	household structure		Selected Social Characteristics in the United States	HOUSEHOLDS BY TYPE / Total households	0			-0.1538496682	4.06E-17
DP02_0017PE								Selected Social Characteristics in the United States	HOUSEHOLDS BY TYPE / Total households / Average family size		Demographic	Household structure		
DP02_0016PE								Selected Social Characteristics in the United States	HOUSEHOLDS BY TYPE / Total households / Average household size		Demographic	Household structure		
DP02_0004PE	-0.02136578005	-0.03320627996	0.02136578005	0.03320627996	-0.01184049991	household structure		Selected Social Characteristics in the United States	HOUSEHOLDS BY TYPE / Total households / Cohabiting couple household		Demographic	Household structure	-0.03320627996	0.07105433518
DP02_0005PE	0.1147031284	0.1277790001	0.1147031284	0.1277790001	0.01307587172	household structure		Selected Social Characteristics in the United States	HOUSEHOLDS BY TYPE / Total households / Cohabiting couple household / With children of the householder under 18 years		Demographic	Household structure	0.1277790001	3.10E-12
DP02_0010PE	0.3499060248	0.3695593555	0.3499060248	0.3695593555	0.01965333064	household structure		Selected Social Characteristics in the United States	HOUSEHOLDS BY TYPE / Total households / Female householder, no spouse/partner present		Demographic	Household structure	0.3695593555	2.53E-96
DP02_0012PE	0.1538957963	0.1740106774	0.1538957963	0.1740106774	0.02011488115	household structure		Selected Social Characteristics in the United States	HOUSEHOLDS BY TYPE / Total households / Female householder, no spouse/partner present / Householder living alone		Demographic	Household structure	0.1740106774	1.58E-21
DP02_0013PE	0.1928106945	0.2304967141	0.1928106945	0.2304967141	0.03768601958	household structure		Selected Social Characteristics in the United States	HOUSEHOLDS BY TYPE / Total households / Female householder, no spouse/partner present / Householder living alone / 65 years and over		Demographic	Household structure	0.2304967141	6.07E-37
DP02_0011PE	0.2626522034	0.2624403856	0.2626522034	0.2624403856	-0.0002118177426	household structure		Selected Social Characteristics in the United States	HOUSEHOLDS BY TYPE / Total households / Female householder, no spouse/partner present / With children of the householder under 18 years		Demographic	Household structure	0.2624403856	9.34E-48
DP02_0015PE	0.2276779303	0.2397311977	0.2276779303	0.2397311977	0.01205326737	household structure		Selected Social Characteristics in the United States	HOUSEHOLDS BY TYPE / Total households / Households with one or more people 65 years and over		Demographic	Household structure	0.2397311977	6.57E-40
DP02_0014PE	-0.006420836403	-0.003763217975	0.006420836403	0.003763217975	0.002657618428	household structure		Selected Social Characteristics in the United States	HOUSEHOLDS BY TYPE / Total households / Households with one or more people under 18 years		Demographic	Household structure	-0.003763217975	0.8379495126
DP02_0006PE	0.04048465095	0.07016389422	0.04048465095	0.07016389422	0.02967924327	household structure		Selected Social Characteristics in the United States	HOUSEHOLDS BY TYPE / Total households / Male householder, no spouse/partner present		Demographic	Household structure	0.07016389422	0.0001346248407
DP02_0008PE	0.005124013919	0.03978543251	0.005124013919	0.03978543251	0.03466141859	household structure		Selected Social Characteristics in the United States	HOUSEHOLDS BY TYPE / Total households / Male householder, no spouse/partner present / Householder living alone		Demographic	Household structure	0.03978543251	0.03053810282
DP02_0009PE	0.1516234958	0.2080701183	0.1516234958	0.2080701183	0.05644662245	household structure		Selected Social Characteristics in the United States	HOUSEHOLDS BY TYPE / Total households / Male householder, no spouse/partner present / Householder living alone / 65 years and over		Demographic	Household structure	0.2080701183	2.86E-30
DP02_0007PE	0.04683419761	0.03353525878	0.04683419761	0.03353525878	-0.01329893883	household structure		Selected Social Characteristics in the United States	HOUSEHOLDS BY TYPE / Total households / Male householder, no spouse/partner present / With children of the householder under 18 years		Demographic	Household structure	0.03353525878	0.0682998001
DP02_0002PE	-0.2883993066	-0.3029500847	0.2883993066	0.3029500847	-0.01455077805	household structure		Selected Social Characteristics in the United States	HOUSEHOLDS BY TYPE / Total households / Married-couple household		Demographic	Household structure	-0.3029500847	8.57E-64
DP02_0003PE	-0.3573792229	-0.3684879981	0.3573792229	0.3684879981	-0.01110877526	household structure		Selected Social Characteristics in the United States	HOUSEHOLDS BY TYPE / Total households / Married-couple household / With children of the householder under 18 years		Demographic	Household structure	-0.3684879981	9.79E-96
DP04_0001PE	-0.2179551552	-0.1454154589	0.2179551552	0.1454154589	0.07253969636	housing structure		Selected Housing Characteristics	HOUSING OCCUPANCY / Total housing units	0			-0.1454154589	1.94E-15
DP04_0002PE	-0.1675369962	-0.2806937322	0.1675369962	0.2806937322	-0.1131567361	housing characteristics		Selected Housing Characteristics	HOUSING OCCUPANCY / Total housing units / Occupied housing units		House	Characteristics	-0.2806937322	1.19E-54
DP04_0003PE	0.1675369962	0.2806937322	0.1675369962	0.2806937322	0.1131567361	housing characteristics		Selected Housing Characteristics	HOUSING OCCUPANCY / Total housing units / Vacant housing units		House	Characteristics	0.2806937322	1.19E-54
DP04_0045PE	-0.2202939411	-0.1538496682	0.2202939411	0.1538496682	0.06644427291	housing characteristics		Selected Housing Characteristics	HOUSING TENURE / Occupied housing units	0			-0.1538496682	4.06E-17
DP04_0046PE	0.06385320518	0.00940275578	0.06385320518	0.00940275578	-0.0544504494	housing tenure		Selected Housing Characteristics	HOUSING TENURE / Occupied housing units / Owner-occupied		House	Tenure	0.00940275578	0.6093408843
DP04_0047PE	-0.06385320518	-0.00940275578	0.06385320518	0.00940275578	0.0544504494	housing tenure		Selected Housing Characteristics	HOUSING TENURE / Occupied housing units / Renter-occupied		House	Tenure	-0.00940275578	0.6093408843
DP03_0075PE	-0.2218680394	-0.1540224355	0.2218680394	0.1540224355	0.06784560383	household	structure	Selected Economic Characteristics	INCOME AND BENEFITS (IN 2024 INFLATION-ADJUSTED DOLLARS) / Families	0			-0.1540224355	3.74E-17
DP03_0077PE	0.4323538125	0.4923980464	0.4323538125	0.4923980464	0.06004423391	income		Selected Economic Characteristics	INCOME AND BENEFITS (IN 2024 INFLATION-ADJUSTED DOLLARS) / Families / $10,000 to $14,999		Income	Low income	0.4923980464	2.29E-180
DP03_0083PE	-0.4043993385	-0.4415857996	0.4043993385	0.4415857996	-0.0371864611	income		Selected Economic Characteristics	INCOME AND BENEFITS (IN 2024 INFLATION-ADJUSTED DOLLARS) / Families / $100,000 to $149,999		Income	High income	-0.4415857996	2.42E-141
DP03_0078PE	0.5227694764	0.5719252724	0.5227694764	0.5719252724	0.04915579602	income		Selected Economic Characteristics	INCOME AND BENEFITS (IN 2024 INFLATION-ADJUSTED DOLLARS) / Families / $15,000 to $24,999		Income	Low income	0.5719252724	1.97E-256
DP03_0084PE	-0.5613403575	-0.5809945551	0.5613403575	0.5809945551	-0.01965419757	income		Selected Economic Characteristics	INCOME AND BENEFITS (IN 2024 INFLATION-ADJUSTED DOLLARS) / Families / $150,000 to $199,999		Income	High income	-0.5809945551	1.74E-266
DP03_0085PE	-0.5968876203	-0.6147922835	0.5968876203	0.6147922835	-0.01790466325	income		Selected Economic Characteristics	INCOME AND BENEFITS (IN 2024 INFLATION-ADJUSTED DOLLARS) / Families / $200,000 or more		Income	High income	-0.6147922835	6.88E-307
DP03_0079PE	0.5192697581	0.5787435054	0.5192697581	0.5787435054	0.05947374729	income		Selected Economic Characteristics	INCOME AND BENEFITS (IN 2024 INFLATION-ADJUSTED DOLLARS) / Families / $25,000 to $34,999		Income	Low income	0.5787435054	5.83E-264
DP03_0080PE	0.5122659879	0.5640483805	0.5122659879	0.5640483805	0.05178239251	income		Selected Economic Characteristics	INCOME AND BENEFITS (IN 2024 INFLATION-ADJUSTED DOLLARS) / Families / $35,000 to $49,999		Income	Middle income	0.5640483805	5.93E-248
DP03_0081PE	0.3970561585	0.4184336514	0.3970561585	0.4184336514	0.02137749284	income		Selected Economic Characteristics	INCOME AND BENEFITS (IN 2024 INFLATION-ADJUSTED DOLLARS) / Families / $50,000 to $74,999		Income	Middle income	0.4184336514	1.20E-125
DP03_0082PE	-0.002539480051	0.03748556232	0.002539480051	0.03748556232	0.04002504237	income		Selected Economic Characteristics	INCOME AND BENEFITS (IN 2024 INFLATION-ADJUSTED DOLLARS) / Families / $75,000 to $99,999		Income	High income	0.03748556232	0.04155885072
DP03_0076PE	0.4307708397	0.4736683198	0.4307708397	0.4736683198	0.04289748013	income		Selected Economic Characteristics	INCOME AND BENEFITS (IN 2024 INFLATION-ADJUSTED DOLLARS) / Families / Less than $10,000		Income	Low income	0.4736683198	3.29E-165
DP03_0089PE	-0.2128141885	-0.1485880237	0.2128141885	0.1485880237	0.06422616477	household	structure	Selected Economic Characteristics	INCOME AND BENEFITS (IN 2024 INFLATION-ADJUSTED DOLLARS) / Nonfamily households		Income	General	-0.1485880237	4.65E-16
DP03_0051PE	-0.2202939411	-0.1538496682	0.2202939411	0.1538496682	0.06644427291	income		Selected Economic Characteristics	INCOME AND BENEFITS (IN 2024 INFLATION-ADJUSTED DOLLARS) / Total households		Income	General	-0.1538496682	4.06E-17
DP03_0053PE	0.527934743	0.5855716095	0.527934743	0.5855716095	0.05763686649	income		Selected Economic Characteristics	INCOME AND BENEFITS (IN 2024 INFLATION-ADJUSTED DOLLARS) / Total households / $10,000 to $14,999		Income	Low income	0.5855716095	1.11E-271
DP03_0059PE	-0.5034140056	-0.5427616655	0.5034140056	0.5427616655	-0.03934765984	income		Selected Economic Characteristics	INCOME AND BENEFITS (IN 2024 INFLATION-ADJUSTED DOLLARS) / Total households / $100,000 to $149,999		Income	High income	-0.5427616655	3.80E-226
DP03_0054PE	0.5575866191	0.5939730558	0.5575866191	0.5939730558	0.03638643663	income		Selected Economic Characteristics	INCOME AND BENEFITS (IN 2024 INFLATION-ADJUSTED DOLLARS) / Total households / $15,000 to $24,999		Income	Low income	0.5939730558	1.96E-281
DP03_0060PE	-0.5692641463	-0.579218268	0.5692641463	0.579218268	-0.0099541217	income		Selected Economic Characteristics	INCOME AND BENEFITS (IN 2024 INFLATION-ADJUSTED DOLLARS) / Total households / $150,000 to $199,999		Income	High income	-0.579218268	1.72E-264
DP03_0061PE	-0.5844218619	-0.6119361014	0.5844218619	0.6119361014	-0.02751423946	income		Selected Economic Characteristics	INCOME AND BENEFITS (IN 2024 INFLATION-ADJUSTED DOLLARS) / Total households / $200,000 or more		Income	High income	-0.6119361014	2.77E-303
DP03_0055PE	0.4884651191	0.5385252278	0.4884651191	0.5385252278	0.05006010865	income		Selected Economic Characteristics	INCOME AND BENEFITS (IN 2024 INFLATION-ADJUSTED DOLLARS) / Total households / $25,000 to $34,999		Income	Low income	0.5385252278	5.44E-222
DP03_0056PE	0.4251445381	0.4620442197	0.4251445381	0.4620442197	0.03689968164	income		Selected Economic Characteristics	INCOME AND BENEFITS (IN 2024 INFLATION-ADJUSTED DOLLARS) / Total households / $35,000 to $49,999		Income	Low income	0.4620442197	2.89E-156
DP03_0057PE	0.2078182879	0.2066807608	0.2078182879	0.2066807608	-0.001137527117	income		Selected Economic Characteristics	INCOME AND BENEFITS (IN 2024 INFLATION-ADJUSTED DOLLARS) / Total households / $50,000 to $74,999		Income	Low income	0.2066807608	7.00E-30
DP03_0058PE	-0.1803731978	-0.1598136738	0.1803731978	0.1598136738	0.02055952398	income		Selected Economic Characteristics	INCOME AND BENEFITS (IN 2024 INFLATION-ADJUSTED DOLLARS) / Total households / $75,000 to $99,999		Income	High income	-0.1598136738	2.30E-18
DP03_0052PE	0.4555587305	0.4897370008	0.4555587305	0.4897370008	0.0341782703	income		Selected Economic Characteristics	INCOME AND BENEFITS (IN 2024 INFLATION-ADJUSTED DOLLARS) / Total households / Less than $10,000		Income	Low income	0.4897370008	3.72E-178
DP03_0072PE	0.185038849	0.1406619295	0.185038849	0.1406619295	-0.04437691948	income		Selected Economic Characteristics	INCOME AND BENEFITS (IN 2024 INFLATION-ADJUSTED DOLLARS) / Total households / With cash public assistance income		Income	General	0.1406619295	1.56E-14
DP03_0064PE	-0.5869651406	-0.6057356338	0.5869651406	0.6057356338	-0.01877049319	income		Selected Economic Characteristics	INCOME AND BENEFITS (IN 2024 INFLATION-ADJUSTED DOLLARS) / Total households / With earnings		Income	High income	-0.6057356338	1.39E-295
DP03_0074PE	0.6013701111	0.6416421517	0.6013701111	0.6416421517	0.04027204056	income	hardship	Selected Economic Characteristics	INCOME AND BENEFITS (IN 2024 INFLATION-ADJUSTED DOLLARS) / Total households / With Food Stamp/SNAP benefits in the past 12 months		Income	Hardship	0.6416421517	0
DP03_0068PE	0.1283479354	0.1253476538	0.1283479354	0.1253476538	-0.003000281645	income		Selected Economic Characteristics	INCOME AND BENEFITS (IN 2024 INFLATION-ADJUSTED DOLLARS) / Total households / With retirement income		Income	General	0.1253476538	7.97E-12
DP03_0066PE	0.4207208979	0.4231574273	0.4207208979	0.4231574273	0.002436529396	income		Selected Economic Characteristics	INCOME AND BENEFITS (IN 2024 INFLATION-ADJUSTED DOLLARS) / Total households / With Social Security		Income	Hardship	0.4231574273	9.46E-129
DP03_0070PE	0.588469142	0.642151302	0.588469142	0.642151302	0.05368216001	income	hardship	Selected Economic Characteristics	INCOME AND BENEFITS (IN 2024 INFLATION-ADJUSTED DOLLARS) / Total households / With Supplemental Security Income		Income	Hardship	0.642151302	0
DP03_0032PE	-0.226603539	-0.1963559832	0.226603539	0.1963559832	0.03024755585	industry		Selected Economic Characteristics	INDUSTRY / Civilian employed population 16 years and over	0			-0.1963559832	4.46E-27
DP03_0033PE	-0.09474133281	0.04323700814	0.09474133281	0.04323700814	0.1379783409	industry		Selected Economic Characteristics	INDUSTRY / Civilian employed population 16 years and over / Agriculture, forestry, fishing and hunting, and mining		Industry	Type	0.04323700814	0.0187299448
DP03_0043PE	-0.005856163331	-0.006884216342	0.005856163331	0.006884216342	-0.001028053011	industry		Selected Economic Characteristics	INDUSTRY / Civilian employed population 16 years and over / Arts, entertainment, and recreation, and accommodation and food services		Industry	Type	-0.006884216342	0.708304003
DP03_0034PE	0.08051380795	0.07960054463	0.08051380795	0.07960054463	-0.0009132633134	industry		Selected Economic Characteristics	INDUSTRY / Civilian employed population 16 years and over / Construction		Industry	Type	0.07960054463	1.47E-05
DP03_0042PE	0.06467034551	0.02832789261	0.06467034551	0.02832789261	-0.0363424529	industry		Selected Economic Characteristics	INDUSTRY / Civilian employed population 16 years and over / Educational services, and health care and social assistance		Industry	Type	0.02832789261	0.1236042695
DP03_0040PE	-0.342748795	-0.3264696958	0.342748795	0.3264696958	0.01627909922	industry		Selected Economic Characteristics	INDUSTRY / Civilian employed population 16 years and over / Finance and insurance, and real estate and rental and leasing		Industry	Type	-0.3264696958	2.29E-74
DP03_0039PE	-0.2406125857	-0.2581911253	0.2406125857	0.2581911253	-0.01757853966	industry		Selected Economic Characteristics	INDUSTRY / Civilian employed population 16 years and over / Information		Industry	Type	-0.2581911253	3.16E-46
DP03_0035PE	0.2061607091	0.2568811816	0.2061607091	0.2568811816	0.05072047252	industry		Selected Economic Characteristics	INDUSTRY / Civilian employed population 16 years and over / Manufacturing		Industry	Type	0.2568811816	9.24E-46
DP03_0044PE	-0.0308931379	-0.02052882468	0.0308931379	0.02052882468	0.01036431321	industry		Selected Economic Characteristics	INDUSTRY / Civilian employed population 16 years and over / Other services, except public administration		Industry	Type	-0.02052882468	0.26451657
DP03_0041PE	-0.3190683339	-0.2365303508	0.3190683339	0.2365303508	0.08253798316	industry		Selected Economic Characteristics	INDUSTRY / Civilian employed population 16 years and over / Professional, scientific, and management, and administrative and waste management services		Industry	Type	-0.2365303508	7.25E-39
DP03_0045PE	0.09887530424	0.1430335374	0.09887530424	0.1430335374	0.04415823312	industry		Selected Economic Characteristics	INDUSTRY / Civilian employed population 16 years and over / Public administration		Industry	Type	0.1430335374	5.56E-15
DP03_0037PE	0.1764002905	0.1975196853	0.1764002905	0.1975196853	0.02111939473	industry		Selected Economic Characteristics	INDUSTRY / Civilian employed population 16 years and over / Retail trade		Industry	Type	0.1975196853	2.19E-27
DP03_0038PE	0.1478088265	0.2020490106	0.1478088265	0.2020490106	0.05424018414	industry		Selected Economic Characteristics	INDUSTRY / Civilian employed population 16 years and over / Transportation and warehousing, and utilities		Industry	Type	0.2020490106	1.32E-28
DP03_0036PE	-0.1343437584	-0.1668993331	0.1343437584	0.1668993331	-0.03255557469	industry		Selected Economic Characteristics	INDUSTRY / Civilian employed population 16 years and over / Wholesale trade		Industry	Type	-0.1668993331	6.57E-20
DP02_0112PE	-0.2150951627	-0.1479323937	0.2150951627	0.1479323937	0.06716276899	demographic	language	Selected Social Characteristics in the United States	LANGUAGE SPOKEN AT HOME / Population 5 years and over	0	Language		-0.1479323937	6.26E-16
DP02_0120PE	-0.3439496148	-0.3321137107	0.3439496148	0.3321137107	0.01183590412	demographic	language	Selected Social Characteristics in the United States	LANGUAGE SPOKEN AT HOME / Population 5 years and over / Asian and Pacific Islander languages	0	Language		-0.3321137107	4.76E-77
DP02_0121PE	-0.3033829519	-0.2789200852	0.3033829519	0.2789200852	0.02446286677	demographic	language	Selected Social Characteristics in the United States	LANGUAGE SPOKEN AT HOME / Population 5 years and over / Asian and Pacific Islander languages / Speak English less than "very well"	0	Language		-0.2789200852	5.87E-54
DP02_0113PE	0.2805947534	0.3489641791	0.2805947534	0.3489641791	0.06836942567	demographic	language	Selected Social Characteristics in the United States	LANGUAGE SPOKEN AT HOME / Population 5 years and over / English only	0	Language		0.3489641791	2.13E-85
DP02_0114PE	-0.2805947534	-0.3489641791	0.2805947534	0.3489641791	-0.06836942567	demographic	language	Selected Social Characteristics in the United States	LANGUAGE SPOKEN AT HOME / Population 5 years and over / Language other than English	0	Language		-0.3489641791	2.13E-85
DP02_0115PE	-0.2749759237	-0.3228713432	0.2749759237	0.3228713432	-0.0478954195	demographic	language	Selected Social Characteristics in the United States	LANGUAGE SPOKEN AT HOME / Population 5 years and over / Language other than English / Speak English less than "very well"	0	Language		-0.3228713432	1.09E-72
DP02_0118PE	-0.2075927941	-0.3195213944	0.2075927941	0.3195213944	-0.1119286003	demographic	language	Selected Social Characteristics in the United States	LANGUAGE SPOKEN AT HOME / Population 5 years and over / Other Indo-European languages	0	Language		-0.3195213944	3.83E-71
DP02_0119PE	-0.1494743531	-0.2388340547	0.1494743531	0.2388340547	-0.08935970158	demographic	language	Selected Social Characteristics in the United States	LANGUAGE SPOKEN AT HOME / Population 5 years and over / Other Indo-European languages / Speak English less than "very well"	0	Language		-0.2388340547	1.29E-39
DP02_0122PE	0.01209434769	-0.2677156614	0.01209434769	0.2677156614	-0.2798100091	demographic	language	Selected Social Characteristics in the United States	LANGUAGE SPOKEN AT HOME / Population 5 years and over / Other languages	0	Language		-0.2677156614	1.08E-49
DP02_0123PE	-0.06729832484	-0.246019158	0.06729832484	0.246019158	-0.1787208331	demographic	language	Selected Social Characteristics in the United States	LANGUAGE SPOKEN AT HOME / Population 5 years and over / Other languages / Speak English less than "very well"	0	Language		-0.246019158	5.30E-42
DP02_0116PE	-0.2071982316	-0.3003320888	0.2071982316	0.3003320888	-0.09313385716	demographic	language	Selected Social Characteristics in the United States	LANGUAGE SPOKEN AT HOME / Population 5 years and over / Spanish	0	Language		-0.3003320888	1.13E-62
DP02_0117PE	-0.2069867406	-0.2720304485	0.2069867406	0.2720304485	-0.06504370798	demographic	linguistic	Selected Social Characteristics in the United States	LANGUAGE SPOKEN AT HOME / Population 5 years and over / Spanish / Speak English less than "very well"	0	Language		-0.2720304485	2.60E-51
DP02_0031PE	-0.2148543449	-0.1420120606	0.2148543449	0.1420120606	0.0728422843	demographic	marital	Selected Social Characteristics in the United States	MARITAL STATUS / Females 15 years and over	0	Demographic	Marital status	-0.1420120606	8.69E-15
DP02_0036PE	0.3435197653	0.3858958259	0.3435197653	0.3858958259	0.04237606063	life event		Selected Social Characteristics in the United States	MARITAL STATUS / Females 15 years and over / Divorced		Demographic	Marital status	0.3858958259	1.41E-105
DP02_0032PE	-0.007269035728	-0.01664429785	0.007269035728	0.01664429785	-0.009375262118	demographic		Selected Social Characteristics in the United States	MARITAL STATUS / Females 15 years and over / Never married		Demographic	Marital status	-0.01664429785	0.3656690907
DP02_0033PE	-0.3150069655	-0.3305408907	0.3150069655	0.3305408907	-0.01553392514	demographic	marital	Selected Social Characteristics in the United States	MARITAL STATUS / Females 15 years and over / Now married, except separated		Demographic	Marital status	-0.3305408907	2.69E-76
DP02_0034PE	0.2903644969	0.3300708041	0.2903644969	0.3300708041	0.03970630724	demographic	marital	Selected Social Characteristics in the United States	MARITAL STATUS / Females 15 years and over / Separated		Demographic	Marital status	0.3300708041	4.51E-76
DP02_0035PE	0.3941765616	0.4434378811	0.3941765616	0.4434378811	0.04926131944	demographic	marital	Selected Social Characteristics in the United States	MARITAL STATUS / Females 15 years and over / Widowed		Demographic	Marital status	0.4434378811	1.19E-142
DP02_0025PE	-0.2155580439	-0.1529659901	0.2155580439	0.1529659901	0.06259205373	demographic		Selected Social Characteristics in the United States	MARITAL STATUS / Males 15 years and over	0	Demographic	Marital status	-0.1529659901	6.15E-17
DP02_0030PE	0.4338027357	0.4721335983	0.4338027357	0.4721335983	0.03833086252	demographic	marital	Selected Social Characteristics in the United States	MARITAL STATUS / Males 15 years and over / Divorced		Demographic	Marital status	0.4721335983	5.23E-164
DP02_0026PE	0.03047589959	0.01410220596	0.03047589959	0.01410220596	-0.01637369363	demographic	marital	Selected Social Characteristics in the United States	MARITAL STATUS / Males 15 years and over / Never married		Demographic	Marital status	0.01410220596	0.4434156143
DP02_0027PE	-0.2961781019	-0.313578418	0.2961781019	0.313578418	-0.01740031613	demographic	marital	Selected Social Characteristics in the United States	MARITAL STATUS / Males 15 years and over / Now married, except separated		Demographic	Marital status	-0.313578418	1.88E-68
DP02_0028PE	0.2651048436	0.3276010867	0.2651048436	0.3276010867	0.06249624304	demographic	marital	Selected Social Characteristics in the United States	MARITAL STATUS / Males 15 years and over / Separated		Demographic	Marital status	0.3276010867	6.70E-75
DP02_0029PE	0.3100872382	0.3866957009	0.3100872382	0.3866957009	0.07660846268	demographic	marital	Selected Social Characteristics in the United States	MARITAL STATUS / Males 15 years and over / Widowed		Demographic	Marital status	0.3866957009	4.81E-106
DP04_0090PE	-0.2376280905	-0.158335593	0.2376280905	0.158335593	0.0792924975	mortgage status		Selected Housing Characteristics	MORTGAGE STATUS / Owner-occupied units	0			-0.158335593	4.73E-18
DP04_0091PE	-0.3816897862	-0.389632713	0.3816897862	0.389632713	-0.007942926764	mortgage status		Selected Housing Characteristics	MORTGAGE STATUS / Owner-occupied units / Housing units with a mortgage		House	Cost - With mortgage	-0.389632713	9.83E-108
DP04_0092PE	0.3816897862	0.389632713	0.3816897862	0.389632713	0.007942926764	mortgage status		Selected Housing Characteristics	MORTGAGE STATUS / Owner-occupied units / Housing units without a mortgage		House	Cost - Without mortgage	0.389632713	9.83E-108
DP04_0076PE	-0.2202939411	-0.1538496682	0.2202939411	0.1538496682	0.06644427291	housing characteristics		Selected Housing Characteristics	OCCUPANTS PER ROOM / Occupied housing units	0			-0.1538496682	4.06E-17
DP04_0077PE	-0.06084841287	-0.08978261291	0.06084841287	0.08978261291	-0.02893420004	housing characteristics		Selected Housing Characteristics	OCCUPANTS PER ROOM / Occupied housing units / 1.00 or less		House	Characteristics	-0.08978261291	1.01E-06
DP04_0078PE	0.07002744099	0.09762083309	0.07002744099	0.09762083309	0.0275933921	housing characteristics		Selected Housing Characteristics	OCCUPANTS PER ROOM / Occupied housing units / 1.01 to 1.50		House	Characteristics	0.09762083309	1.05E-07
DP04_0079PE	0.03152863858	0.02020676501	0.03152863858	0.02020676501	-0.01132187357	housing characteristics		Selected Housing Characteristics	OCCUPANTS PER ROOM / Occupied housing units / 1.51 or more		House	Characteristics	0.02020676501	0.2720860537
DP03_0026PE	-0.226603539	-0.1963559832	0.226603539	0.1963559832	0.03024755585	occupation		Selected Economic Characteristics	OCCUPATION / Civilian employed population 16 years and over	0			-0.1963559832	4.46E-27
DP03_0027PE	-0.5525657119	-0.5724030273	0.5525657119	0.5724030273	-0.01983731532	occupation		Selected Economic Characteristics	OCCUPATION / Civilian employed population 16 years and over / Management, business, science, and arts occupations		Occupation	Type	-0.5724030273	5.91E-257
DP03_0030PE	0.1672627977	0.1939257976	0.1672627977	0.1939257976	0.02666299991	occupation		Selected Economic Characteristics	OCCUPATION / Civilian employed population 16 years and over / Natural resources, construction, and maintenance occupations		Occupation	Type	0.1939257976	1.94E-26
DP03_0031PE	0.3924194466	0.439953096	0.3924194466	0.439953096	0.04753364938	occupation		Selected Economic Characteristics	OCCUPATION / Civilian employed population 16 years and over / Production, transportation, and material moving occupations		Occupation	Type	0.439953096	3.39E-140
DP03_0029PE	0.05326657778	0.04348008726	0.05326657778	0.04348008726	-0.009786490516	occupation		Selected Economic Characteristics	OCCUPATION / Civilian employed population 16 years and over / Sales and office occupations		Occupation	Type	0.04348008726	0.01807433618
DP03_0028PE	0.2716188464	0.2853077638	0.2716188464	0.2853077638	0.01368891734	occupation		Selected Economic Characteristics	OCCUPATION / Civilian employed population 16 years and over / Service occupations		Occupation	Type	0.2853077638	1.77E-56
DP03_0119PE	0.5806238562	0.6322306122	0.5806238562	0.6322306122	0.05160675597	income	poverty	Selected Economic Characteristics	PERCENTAGE OF FAMILIES AND PEOPLE WHOSE INCOME IN THE PAST 12 MONTHS IS BELOW THE POVERTY LEVEL / All families		Poverty	Family Structure	0.6322306122	0
DP03_0125PE	0.3820823888	0.4408080695	0.3820823888	0.4408080695	0.0587256807	income	poverty	Selected Economic Characteristics	PERCENTAGE OF FAMILIES AND PEOPLE WHOSE INCOME IN THE PAST 12 MONTHS IS BELOW THE POVERTY LEVEL / All families / Families with female householder, no spouse present		Poverty	Family Structure	0.4408080695	1.18E-140
DP03_0126PE	0.3762809382	0.4236106058	0.3762809382	0.4236106058	0.04732966757	income	poverty	Selected Economic Characteristics	PERCENTAGE OF FAMILIES AND PEOPLE WHOSE INCOME IN THE PAST 12 MONTHS IS BELOW THE POVERTY LEVEL / All families / Families with female householder, no spouse present / With related children of the householder under 18 years		Poverty	Family Structure	0.4236106058	1.15E-128
DP03_0127PE	0.1838383937	0.1944752465	0.1838383937	0.1944752465	0.01063685276	income	poverty	Selected Economic Characteristics	PERCENTAGE OF FAMILIES AND PEOPLE WHOSE INCOME IN THE PAST 12 MONTHS IS BELOW THE POVERTY LEVEL / All families / Families with female householder, no spouse present / With related children of the householder under 18 years / With related children of the householder under 5 years only		Poverty	Family Structure	0.1944752465	5.82E-25
DP03_0122PE	0.4834489054	0.5349707955	0.4834489054	0.5349707955	0.05152189011	income	poverty	Selected Economic Characteristics	PERCENTAGE OF FAMILIES AND PEOPLE WHOSE INCOME IN THE PAST 12 MONTHS IS BELOW THE POVERTY LEVEL / All families / Married couple families		Poverty	Family Structure	0.5349707955	1.50E-218
DP03_0123PE	0.4016510944	0.4667558774	0.4016510944	0.4667558774	0.06510478298	income	poverty	Selected Economic Characteristics	PERCENTAGE OF FAMILIES AND PEOPLE WHOSE INCOME IN THE PAST 12 MONTHS IS BELOW THE POVERTY LEVEL / All families / Married couple families / With related children of the householder under 18 years		Poverty	Family Structure	0.4667558774	8.53E-160
DP03_0124PE	0.1936183272	0.1747590891	0.1936183272	0.1747590891	-0.01885923806	income	poverty	Selected Economic Characteristics	PERCENTAGE OF FAMILIES AND PEOPLE WHOSE INCOME IN THE PAST 12 MONTHS IS BELOW THE POVERTY LEVEL / All families / Married couple families / With related children of the householder under 18 years / With related children of the householder under 5 years only		Poverty	Family Structure	0.1747590891	1.54E-21
DP03_0120PE	0.5613721186	0.6079442142	0.5613721186	0.6079442142	0.04657209555	income	poverty	Selected Economic Characteristics	PERCENTAGE OF FAMILIES AND PEOPLE WHOSE INCOME IN THE PAST 12 MONTHS IS BELOW THE POVERTY LEVEL / All families / With related children of the householder under 18 years		Poverty	Family Structure	0.6079442142	3.31E-298
DP03_0121PE	0.3477181103	0.3909313652	0.3477181103	0.3909313652	0.04321325485	income	poverty	Selected Economic Characteristics	PERCENTAGE OF FAMILIES AND PEOPLE WHOSE INCOME IN THE PAST 12 MONTHS IS BELOW THE POVERTY LEVEL / All families / With related children of the householder under 18 years / With related children of the householder under 5 years only		Poverty	Family Structure	0.3909313652	3.85E-108
DP03_0128PE	0.6109513937	0.6481411923	0.6109513937	0.6481411923	0.0371897986	income	poverty	Selected Economic Characteristics	PERCENTAGE OF FAMILIES AND PEOPLE WHOSE INCOME IN THE PAST 12 MONTHS IS BELOW THE POVERTY LEVEL / All people		Poverty	General	0.6481411923	0
DP03_0133PE	0.5957865897	0.6324774715	0.5957865897	0.6324774715	0.03669088181	income	poverty	Selected Economic Characteristics	PERCENTAGE OF FAMILIES AND PEOPLE WHOSE INCOME IN THE PAST 12 MONTHS IS BELOW THE POVERTY LEVEL / All people / 18 years and over		Poverty	General	0.6324774715	0
DP03_0134PE	0.5951785518	0.6304815536	0.5951785518	0.6304815536	0.03530300176	income	poverty	Selected Economic Characteristics	PERCENTAGE OF FAMILIES AND PEOPLE WHOSE INCOME IN THE PAST 12 MONTHS IS BELOW THE POVERTY LEVEL / All people / 18 years and over / 18 to 64 years		Poverty	General	0.6304815536	0
DP03_0135PE	0.4270812852	0.4778597132	0.4270812852	0.4778597132	0.05077842804	income	poverty	Selected Economic Characteristics	PERCENTAGE OF FAMILIES AND PEOPLE WHOSE INCOME IN THE PAST 12 MONTHS IS BELOW THE POVERTY LEVEL / All people / 18 years and over / 65 years and over		Poverty	Elderly	0.4778597132	1.61E-168
DP03_0136PE	0.5851738768	0.6355867361	0.5851738768	0.6355867361	0.05041285934	income	poverty	Selected Economic Characteristics	PERCENTAGE OF FAMILIES AND PEOPLE WHOSE INCOME IN THE PAST 12 MONTHS IS BELOW THE POVERTY LEVEL / All people / People in families		Poverty	General	0.6355867361	0
DP03_0129PE	0.566005404	0.6097516818	0.566005404	0.6097516818	0.04374627774	income	poverty	Selected Economic Characteristics	PERCENTAGE OF FAMILIES AND PEOPLE WHOSE INCOME IN THE PAST 12 MONTHS IS BELOW THE POVERTY LEVEL / All people / Under 18 years		Poverty	Child	0.6097516818	1.89E-300
DP03_0130PE	0.5656855051	0.6087785489	0.5656855051	0.6087785489	0.04309304384	income	poverty	Selected Economic Characteristics	PERCENTAGE OF FAMILIES AND PEOPLE WHOSE INCOME IN THE PAST 12 MONTHS IS BELOW THE POVERTY LEVEL / All people / Under 18 years / Related children of the householder under 18 years		Poverty	Child	0.6087785489	3.06E-299
DP03_0132PE	0.5407415775	0.5896433336	0.5407415775	0.5896433336	0.0489017561	income	poverty	Selected Economic Characteristics	PERCENTAGE OF FAMILIES AND PEOPLE WHOSE INCOME IN THE PAST 12 MONTHS IS BELOW THE POVERTY LEVEL / All people / Under 18 years / Related children of the householder under 18 years / Related children of the householder 5 to 17 years		Poverty	Child	0.5896433336	2.80E-276
DP03_0131PE	0.4904646591	0.5227506972	0.4904646591	0.5227506972	0.03228603813	income	poverty	Selected Economic Characteristics	PERCENTAGE OF FAMILIES AND PEOPLE WHOSE INCOME IN THE PAST 12 MONTHS IS BELOW THE POVERTY LEVEL / All people / Under 18 years / Related children of the householder under 18 years / Related children of the householder under 5 years		Poverty	Child	0.5227506972	1.11E-206
DP03_0137PE	0.5639372607	0.6047177097	0.5639372607	0.6047177097	0.04078044898	income	poverty	Selected Economic Characteristics	PERCENTAGE OF FAMILIES AND PEOPLE WHOSE INCOME IN THE PAST 12 MONTHS IS BELOW THE POVERTY LEVEL / All people / Unrelated individuals 15 years and over		Poverty	General	0.6047177097	2.46E-294
DP02_0088PE	-0.215003258	-0.1477640297	0.215003258	0.1477640297	0.06723922834	demographic	birth place	Selected Social Characteristics in the United States	PLACE OF BIRTH / Total population	0			-0.1477640297	6.76E-16
DP02_0094PE	-0.4005999438	-0.4176305286	0.4005999438	0.4176305286	-0.01703058483	demographic	birth place	Selected Social Characteristics in the United States	PLACE OF BIRTH / Total population / Foreign-born	0			-0.4176305286	4.00E-125
DP02_0089PE	0.4005999438	0.4176305286	0.4005999438	0.4176305286	0.01703058483	demographic	birth place	Selected Social Characteristics in the United States	PLACE OF BIRTH / Total population / Native	0			0.4176305286	4.00E-125
DP02_0093PE	-0.2740971995	-0.3026207507	0.2740971995	0.3026207507	-0.02852355124	demographic	birth place	Selected Social Characteristics in the United States	PLACE OF BIRTH / Total population / Native / Born in Puerto Rico, U.S. Island areas, or born abroad to American parent(s)	0			-0.3026207507	1.19E-63
DP02_0090PE	0.4083096402	0.4183052188	0.4083096402	0.4183052188	0.009995578649	demographic	birth place	Selected Social Characteristics in the United States	PLACE OF BIRTH / Total population / Native / Born in United States	0			0.4183052188	1.46E-125
DP02_0092PE	-0.1509638619	-0.1515588226	0.1509638619	0.1515588226	-0.0005949606728	demographic	birth place	Selected Social Characteristics in the United States	PLACE OF BIRTH / Total population / Native / Born in United States / Different state	0			-0.1515588226	1.19E-16
DP02_0091PE	0.3119967184	0.3015799039	0.3119967184	0.3015799039	-0.01041681453	demographic	birth place	Selected Social Characteristics in the United States	PLACE OF BIRTH / Total population / Native / Born in United States / State of residence	0			0.3015799039	3.31E-63
DP05_0033PE	-0.215003258	-0.1477640297	0.215003258	0.1477640297	0.06723922834	demographic	race	ACS Demographic and Housing Estimates	RACE / Total population	0			-0.1477640297	6.76E-16
DP05_0036PE	0.1907225518	0.2519737335	0.1907225518	0.2519737335	0.06125118169	demographic	race	ACS Demographic and Housing Estimates	RACE / Total population / One race	0			0.2519737335	4.86E-44
DP05_0034PE	0.1907225518	0.2519737335	0.1907225518	0.2519737335	0.06125118169	demographic	race	ACS Demographic and Housing Estimates	RACE / Total population / One race	0			0.2519737335	4.86E-44
DP05_0053PE	0.1238045562	-0.179810638	0.1238045562	0.179810638	-0.3036151942	demographic	race	ACS Demographic and Housing Estimates	RACE / Total population / One race / American Indian and Alaska Native	0			-0.179810638	6.69E-23
DP05_0054PE	-0.08761271098	-0.1875007501	0.08761271098	0.1875007501	-0.09988803908	demographic	race	ACS Demographic and Housing Estimates	RACE / Total population / One race / American Indian and Alaska Native / Aztec	0			-0.1875007501	8.56E-25
DP05_0055PE	0.05246782327	0.0468358199	0.05246782327	0.0468358199	-0.005632003372	demographic	race	ACS Demographic and Housing Estimates	RACE / Total population / One race / American Indian and Alaska Native / Blackfeet Tribe of the Blackfeet Indian Reservation of Montana	0			0.0468358199	0.01087336831
DP05_0056PE	-0.08174124239	-0.1613993322	0.08174124239	0.1613993322	-0.07965808978	demographic	race	ACS Demographic and Housing Estimates	RACE / Total population / One race / American Indian and Alaska Native / Maya	0			-0.1613993322	1.05E-18
DP05_0057PE	-0.02176637981	-0.01265787148	0.02176637981	0.01265787148	0.009108508329	demographic	race	ACS Demographic and Housing Estimates	RACE / Total population / One race / American Indian and Alaska Native / Native Village of Barrow Inupiat Traditional Government	0			-0.01265787148	0.4914945484
DP05_0058PE	0.05196780318	-0.04140947033	0.05196780318	0.04140947033	-0.09337727351	demographic	race	ACS Demographic and Housing Estimates	RACE / Total population / One race / American Indian and Alaska Native / Navajo Nation	0			-0.04140947033	0.02435961749
DP05_0059PE	0.01264880119	-0.0187200962	0.01264880119	0.0187200962	-0.03136889739	demographic	race	ACS Demographic and Housing Estimates	RACE / Total population / One race / American Indian and Alaska Native / Nome Eskimo Community	0			-0.0187200962	0.3089376841
DP05_0060PE	0.1144686074	-0.1448478065	0.1144686074	0.1448478065	-0.2593164139	demographic	race	ACS Demographic and Housing Estimates	RACE / Total population / One race / American Indian and Alaska Native / Other American Indian and Alaska Native	0			-0.1448478065	2.50E-15
DP05_0061PE	-0.360485332	-0.3428678783	0.360485332	0.3428678783	0.01761745368	demographic	race	ACS Demographic and Housing Estimates	RACE / Total population / One race / Asian	0			-0.3428678783	2.56E-82
DP05_0062PE	-0.3073235826	-0.256108072	0.3073235826	0.256108072	0.05121551057	demographic	race	ACS Demographic and Housing Estimates	RACE / Total population / One race / Asian / Asian Indian	0			-0.256108072	1.73E-45
DP05_0063PE	-0.2671416137	-0.2792954901	0.2671416137	0.2792954901	-0.01215387637	demographic	race	ACS Demographic and Housing Estimates	RACE / Total population / One race / Asian / Chinese	0			-0.2792954901	4.19E-54
DP05_0064PE	-0.1937497914	-0.2811586598	0.1937497914	0.2811586598	-0.08740886841	demographic	race	ACS Demographic and Housing Estimates	RACE / Total population / One race / Asian / Filipino	0			-0.2811586598	7.81E-55
DP05_0065PE	-0.1031957586	-0.2478276879	0.1031957586	0.2478276879	-0.1446319292	demographic	race	ACS Demographic and Housing Estimates	RACE / Total population / One race / Asian / Japanese	0			-0.2478276879	1.29E-42
DP05_0066PE	-0.2981143622	-0.3041904979	0.2981143622	0.3041904979	-0.006076135679	demographic	race	ACS Demographic and Housing Estimates	RACE / Total population / One race / Asian / Korean	0			-0.3041904979	2.51E-64
DP05_0068PE	-0.2703086859	-0.3036561874	0.2703086859	0.3036561874	-0.03334750144	demographic	race	ACS Demographic and Housing Estimates	RACE / Total population / One race / Asian / Other Asian	0			-0.3036561874	4.26E-64
DP05_0067PE	-0.2003692885	-0.2300916372	0.2003692885	0.2300916372	-0.02972234863	demographic	race	ACS Demographic and Housing Estimates	RACE / Total population / One race / Asian / Vietnamese	0			-0.2300916372	8.13E-37
DP05_0045PE	0.1949626969	0.1842664355	0.1949626969	0.1842664355	-0.01069626145	demographic	race	ACS Demographic and Housing Estimates	RACE / Total population / One race / Black or African American	0			0.1842664355	5.48E-24
DP05_0046PE	0.1997137207	0.1922387325	0.1997137207	0.1922387325	-0.007474988193	demographic	race	ACS Demographic and Housing Estimates	RACE / Total population / One race / Black or African American / African American	0			0.1922387325	5.30E-26
DP05_0047PE	-0.1848665254	-0.2097818358	0.1848665254	0.2097818358	-0.02491531042	demographic	race	ACS Demographic and Housing Estimates	RACE / Total population / One race / Black or African American / Ethiopian	0			-0.2097818358	9.39E-31
DP05_0048PE	-0.09966216643	-0.1232822897	0.09966216643	0.1232822897	-0.02362012327	demographic	race	ACS Demographic and Housing Estimates	RACE / Total population / One race / Black or African American / Haitian	0			-0.1232822897	1.75E-11
DP05_0049PE	-0.1225807036	-0.1613076059	0.1225807036	0.1613076059	-0.03872690226	demographic	race	ACS Demographic and Housing Estimates	RACE / Total population / One race / Black or African American / Jamaican	0			-0.1613076059	1.10E-18
DP05_0050PE	-0.1790526233	-0.2064093228	0.1790526233	0.2064093228	-0.02735669941	demographic	race	ACS Demographic and Housing Estimates	RACE / Total population / One race / Black or African American / Nigerian	0			-0.2064093228	8.33E-30
DP05_0052PE	0.1859391608	0.1808880024	0.1859391608	0.1808880024	-0.00505115846	demographic	race	ACS Demographic and Housing Estimates	RACE / Total population / One race / Black or African American / Other Black or African American	0			0.1808880024	3.68E-23
DP05_0051PE	-0.1191737489	-0.16707343	0.1191737489	0.16707343	-0.04789968114	demographic	race	ACS Demographic and Housing Estimates	RACE / Total population / One race / Black or African American / Somali	0			-0.16707343	6.01E-20
DP05_0069PE	-0.06886615105	-0.07284392441	0.06886615105	0.07284392441	-0.003977773353	demographic	race	ACS Demographic and Housing Estimates	RACE / Total population / One race / Native Hawaiian and Other Pacific Islander	0			-0.07284392441	7.37E-05
DP05_0070PE	-0.06786396771	-0.08945599859	0.06786396771	0.08945599859	-0.02159203088	demographic	race	ACS Demographic and Housing Estimates	RACE / Total population / One race / Native Hawaiian and Other Pacific Islander / Chamorro	0			-0.08945599859	1.11E-06
DP05_0071PE	-0.05443563565	-0.01984052036	0.05443563565	0.01984052036	0.0345951153	demographic	race	ACS Demographic and Housing Estimates	RACE / Total population / One race / Native Hawaiian and Other Pacific Islander / Native Hawaiian	0			-0.01984052036	0.2808725471
DP05_0073PE	-0.02166963869	-0.04897212858	0.02166963869	0.04897212858	-0.02730248989	demographic	race	ACS Demographic and Housing Estimates	RACE / Total population / One race / Native Hawaiian and Other Pacific Islander / Other Native Hawaiian and Other Pacific Islander	0			-0.04897212858	0.007743758917
DP05_0072PE	-0.06546080896	-0.04001708919	0.06546080896	0.04001708919	0.02544371977	demographic	race	ACS Demographic and Housing Estimates	RACE / Total population / One race / Native Hawaiian and Other Pacific Islander / Samoan	0			-0.04001708919	0.02958183812
DP05_0074PE	-0.2258939462	-0.3149467625	0.2258939462	0.3149467625	-0.08905281636	demographic	race	ACS Demographic and Housing Estimates	RACE / Total population / One race / Some Other Race	0			-0.3149467625	4.56E-69
DP05_0037PE	-0.008644629879	0.008724234559	0.008644629879	0.008724234559	0.01736886444	demographic	race	ACS Demographic and Housing Estimates	RACE / Total population / One race / White	0			0.008724234559	0.6354020277
DP05_0038PE	-0.1712070909	-0.1977298331	0.1712070909	0.1977298331	-0.02652274221	demographic	race	ACS Demographic and Housing Estimates	RACE / Total population / One race / White / Egyptian	0			-0.1977298331	1.93E-27
DP05_0039PE	0.423732012	0.4442065592	0.423732012	0.4442065592	0.02047454716	demographic		ACS Demographic and Housing Estimates	RACE / Total population / One race / White / English	0			0.4442065592	3.37E-143
DP05_0040PE	-0.3347728542	-0.3328522352	0.3347728542	0.3328522352	0.001920618974	demographic		ACS Demographic and Housing Estimates	RACE / Total population / One race / White / German	0			-0.3328522352	2.10E-77
DP05_0041PE	0.1200410083	0.141799373	0.1200410083	0.141799373	0.02175836467	demographic	race	ACS Demographic and Housing Estimates	RACE / Total population / One race / White / Irish	0			0.141799373	9.53E-15
DP05_0042PE	-0.1837567703	-0.1433078618	0.1837567703	0.1433078618	0.04044890844	demographic	race	ACS Demographic and Housing Estimates	RACE / Total population / One race / White / Italian	0			-0.1433078618	4.93E-15
DP05_0043PE	-0.09869523984	-0.172166524	0.09869523984	0.172166524	-0.07347128417	demographic	race	ACS Demographic and Housing Estimates	RACE / Total population / One race / White / Lebanese	0			-0.172166524	4.22E-21
DP05_0044PE	0.002814461386	0.02529620576	0.002814461386	0.02529620576	0.02248174437	demographic	race	ACS Demographic and Housing Estimates	RACE / Total population / One race / White / Other White	0			0.02529620576	0.1691405986
DP05_0075PE	-0.1907225518	-0.2519737335	0.1907225518	0.2519737335	-0.06125118169	demographic	race	ACS Demographic and Housing Estimates	RACE / Total population / Two or More Races	0			-0.2519737335	4.86E-44
DP05_0035PE	-0.1907225518	-0.2519737335	0.1907225518	0.2519737335	-0.06125118169	demographic	race	ACS Demographic and Housing Estimates	RACE / Total population / Two or More Races	0			-0.2519737335	4.86E-44
DP05_0080PE	0.08505765109	0.0359073353	0.08505765109	0.0359073353	-0.04915031579	demographic	race	ACS Demographic and Housing Estimates	RACE / Total population / Two or More Races / Black or African American and American Indian and Alaska Native	0			0.0359073353	0.05093184311
DP05_0081PE	-0.1157148523	-0.1139560933	0.1157148523	0.1139560933	0.001758759002	demographic	race	ACS Demographic and Housing Estimates	RACE / Total population / Two or More Races / Black or African American and Some Other Race	0			-0.1139560933	5.19E-10
DP05_0077PE	0.1196653836	0.1594881846	0.1196653836	0.1594881846	0.03982280098	demographic	race	ACS Demographic and Housing Estimates	RACE / Total population / Two or More Races / White and American Indian and Alaska Native	0			0.1594881846	2.70E-18
DP05_0078PE	-0.3112494657	-0.3542467183	0.3112494657	0.3542467183	-0.04299725263	demographic	race	ACS Demographic and Housing Estimates	RACE / Total population / Two or More Races / White and Asian	0			-0.3542467183	4.00E-88
DP05_0076PE	0.06790640551	0.07013379956	0.06790640551	0.07013379956	0.002227394053	demographic	race	ACS Demographic and Housing Estimates	RACE / Total population / Two or More Races / White and Black or African American	0			0.07013379956	0.0001355231969
DP05_0079PE	-0.1836614703	-0.3136144813	0.1836614703	0.3136144813	-0.129953011	demographic	race	ACS Demographic and Housing Estimates	RACE / Total population / Two or More Races / White and Some Other Race	0			-0.3136144813	1.81E-68
DP05_0082PE	-0.215003258	-0.1477640297	0.215003258	0.1477640297	0.06723922834	demographic	race	ACS Demographic and Housing Estimates	Race alone or in combination with one or more other races / Total population	0			-0.1477640297	6.76E-16
DP05_0085PE	0.1289106782	-0.01231551421	0.1289106782	0.01231551421	-0.1412261924	demographic	race	ACS Demographic and Housing Estimates	Race alone or in combination with one or more other races / Total population / American Indian and Alaska Native	0			-0.01231551421	0.5032877279
DP05_0086PE	-0.3614348734	-0.3909535014	0.3614348734	0.3909535014	-0.02951862804	demographic	race	ACS Demographic and Housing Estimates	Race alone or in combination with one or more other races / Total population / Asian	0			-0.3909535014	1.50E-108
DP05_0084PE	0.1888610001	0.174769377	0.1888610001	0.174769377	-0.01409162316	demographic	race	ACS Demographic and Housing Estimates	Race alone or in combination with one or more other races / Total population / Black or African American	0			0.174769377	1.05E-21
DP05_0087PE	-0.08057420107	-0.1621063713	0.08057420107	0.1621063713	-0.0815321702	demographic	race	ACS Demographic and Housing Estimates	Race alone or in combination with one or more other races / Total population / Native Hawaiian and Other Pacific Islander	0			-0.1621063713	7.41E-19
DP05_0088PE	-0.2319645337	-0.3339019706	0.2319645337	0.3339019706	-0.1019374369	demographic	race	ACS Demographic and Housing Estimates	Race alone or in combination with one or more other races / Total population / Some Other Race	0			-0.3339019706	6.54E-78
DP05_0083PE	-0.08925662894	-0.0288615261	0.08925662894	0.0288615261	0.06039510283	demographic	race	ACS Demographic and Housing Estimates	Race alone or in combination with one or more other races / Total population / White	0			-0.0288615261	0.1166855598
DP02_0018PE	-0.214825749	-0.1481561422	0.214825749	0.1481561422	0.06666960682	family	relationship	Selected Social Characteristics in the United States	RELATIONSHIP / Population in households	0	Relationship		-0.1481561422	5.66E-16
DP02_0022PE	0.01390930713	-0.00365188282	0.01390930713	0.00365188282	-0.01756118995	family	relationship	Selected Social Characteristics in the United States	RELATIONSHIP / Population in households / Child	0	Relationship		-0.00365188282	0.8426802493
DP02_0019PE	-0.06806164751	-0.06265509165	0.06806164751	0.06265509165	0.005406555853	household structure		Selected Social Characteristics in the United States	RELATIONSHIP / Population in households / Householder	0	Relationship		-0.06265509165	0.0006534270435
DP02_0024PE	-0.03122149537	0.02086651519	0.03122149537	0.02086651519	0.05208801056	family	relationship	Selected Social Characteristics in the United States	RELATIONSHIP / Population in households / Other nonrelatives	0	Relationship		0.02086651519	0.2567368866
DP02_0023PE	0.4080568756	0.4391442286	0.4080568756	0.4391442286	0.03108735302	household structure		Selected Social Characteristics in the United States	RELATIONSHIP / Population in households / Other relatives	0	Relationship		0.4391442286	1.25E-139
DP02_0020PE	-0.3047045258	-0.3170332096	0.3047045258	0.3170332096	-0.01232868379	family	relationship	Selected Social Characteristics in the United States	RELATIONSHIP / Population in households / Spouse	0	Relationship		-0.3170332096	5.21E-70
DP02_0021PE	-0.03587307337	-0.0425161589	0.03587307337	0.0425161589	-0.006643085534	family	relationship	Selected Social Characteristics in the United States	RELATIONSHIP / Population in households / Unmarried partner	0	Relationship		-0.0425161589	0.02079790463
DP02_0079PE	-0.2150103219	-0.1478535594	0.2150103219	0.1478535594	0.0671567625	demoraphic	mobility	Selected Social Characteristics in the United States	RESIDENCE 1 YEAR AGO / Population 1 year and over	0			-0.1478535594	6.49E-16
DP02_0081PE	-0.1682366635	-0.1599365076	0.1682366635	0.1599365076	0.008300155904	demographic	mobility	Selected Social Characteristics in the United States	RESIDENCE 1 YEAR AGO / Population 1 year and over / Different house (in the U.S. or abroad)	0			-0.1599365076	2.17E-18
DP02_0087PE	-0.2185694786	-0.3066945973	0.2185694786	0.3066945973	-0.08812511872	demographic	mobility	Selected Social Characteristics in the United States	RESIDENCE 1 YEAR AGO / Population 1 year and over / Different house (in the U.S. or abroad) / Abroad	0			-0.3066945973	2.06E-65
DP02_0082PE	-0.145153853	-0.1366929871	0.145153853	0.1366929871	0.008460865894	demographic	mobility	Selected Social Characteristics in the United States	RESIDENCE 1 YEAR AGO / Population 1 year and over / Different house (in the U.S. or abroad) / Different house in the U.S.	0			-0.1366929871	8.41E-14
DP02_0084PE	-0.1409959447	-0.1576235812	0.1409959447	0.1576235812	-0.01662763651	demographic	mobility	Selected Social Characteristics in the United States	RESIDENCE 1 YEAR AGO / Population 1 year and over / Different house (in the U.S. or abroad) / Different house in the U.S. / Different county	0			-0.1576235812	6.69E-18
DP02_0086PE	-0.2132878656	-0.2259426951	0.2132878656	0.2259426951	-0.01265482945	demographic	mobility	Selected Social Characteristics in the United States	RESIDENCE 1 YEAR AGO / Population 1 year and over / Different house (in the U.S. or abroad) / Different house in the U.S. / Different county / Different state	0			-0.2259426951	1.58E-35
DP02_0085PE	-0.01466472419	-0.02538144395	0.01466472419	0.02538144395	-0.01071671975	demographic	mobility	Selected Social Characteristics in the United States	RESIDENCE 1 YEAR AGO / Population 1 year and over / Different house (in the U.S. or abroad) / Different house in the U.S. / Different county / Same state	0			-0.02538144395	0.1677082754
DP02_0083PE	-0.0683977572	-0.04949543396	0.0683977572	0.04949543396	0.01890232323	demographic	mobility	Selected Social Characteristics in the United States	RESIDENCE 1 YEAR AGO / Population 1 year and over / Different house (in the U.S. or abroad) / Different house in the U.S. / Same county	0			-0.04949543396	0.007112422219
DP02_0080PE	0.1682366635	0.1599365076	0.1682366635	0.1599365076	-0.008300155904	demographic	mobility	Selected Social Characteristics in the United States	RESIDENCE 1 YEAR AGO / Population 1 year and over / Same house	0			0.1599365076	2.17E-18
DP04_0027PE	-0.2179551552	-0.1454154589	0.2179551552	0.1454154589	0.07253969636	housing structure		Selected Housing Characteristics	ROOMS / Total housing units	0			-0.1454154589	1.94E-15
DP04_0028PE	-0.08089780049	-0.07182698112	0.08089780049	0.07182698112	0.009070819373	housing structure		Selected Housing Characteristics	ROOMS / Total housing units / 1 room		House	Structure - Rooms	-0.07182698112	9.28E-05
DP04_0029PE	-0.2222105821	-0.2085952581	0.2222105821	0.2085952581	0.01361532408	housing structure		Selected Housing Characteristics	ROOMS / Total housing units / 2 rooms		House	Structure - Rooms	-0.2085952581	2.03E-30
DP04_0030PE	-0.1660752958	-0.1382099675	0.1660752958	0.1382099675	0.0278653283	housing structure		Selected Housing Characteristics	ROOMS / Total housing units / 3 rooms		House	Structure - Rooms	-0.1382099675	4.44E-14
DP04_0031PE	0.1516491898	0.170540672	0.1516491898	0.170540672	0.01889148219	housing structure		Selected Housing Characteristics	ROOMS / Total housing units / 4 rooms		House	Structure - Rooms	0.170540672	9.94E-21
DP04_0032PE	0.5125658981	0.5509511388	0.5125658981	0.5509511388	0.03838524064	housing structure		Selected Housing Characteristics	ROOMS / Total housing units / 5 rooms		House	Structure - Rooms	0.5509511388	2.38E-234
DP04_0033PE	0.416439592	0.4559962052	0.416439592	0.4559962052	0.03955661327	housing structure		Selected Housing Characteristics	ROOMS / Total housing units / 6 rooms		House	Structure - Rooms	0.4559962052	9.53E-152
DP04_0034PE	0.04699075175	0.03486214743	0.04699075175	0.03486214743	-0.01212860432	housing structure		Selected Housing Characteristics	ROOMS / Total housing units / 7 rooms		House	Structure - Rooms	0.03486214743	0.05806613797
DP04_0035PE	-0.2528967794	-0.2961499336	0.2528967794	0.2961499336	-0.04325315424	housing structure		Selected Housing Characteristics	ROOMS / Total housing units / 8 rooms		House	Structure - Rooms	-0.2961499336	6.51E-61
DP04_0036PE	-0.4908471495	-0.489300266	0.4908471495	0.489300266	0.00154688356	housing structure		Selected Housing Characteristics	ROOMS / Total housing units / 9 rooms or more		House	Structure - Rooms	-0.489300266	8.55E-178
DP02_0053PE	-0.2178350417	-0.1643492156	0.2178350417	0.1643492156	0.0534858261	education		Selected Social Characteristics in the United States	SCHOOL ENROLLMENT / Population 3 years and over enrolled in school	0			-0.1643492156	2.41E-19
DP02_0058PE	-0.1829815115	-0.2019053754	0.1829815115	0.2019053754	-0.0189238639	education		Selected Social Characteristics in the United States	SCHOOL ENROLLMENT / Population 3 years and over enrolled in school / College or graduate school		Education	School Enrollment	-0.2019053754	1.48E-28
DP02_0056PE	0.1893017972	0.2230498124	0.1893017972	0.2230498124	0.03374801518	education		Selected Social Characteristics in the United States	SCHOOL ENROLLMENT / Population 3 years and over enrolled in school / Elementary school (grades 1-8)		Education	School Enrollment	0.2230498124	1.24E-34
DP02_0057PE	0.1171939462	0.1481968225	0.1171939462	0.1481968225	0.03100287624	education		Selected Social Characteristics in the United States	SCHOOL ENROLLMENT / Population 3 years and over enrolled in school / High school (grades 9-12)		Education	School Enrollment	0.1481968225	5.62E-16
DP02_0055PE	0.07483941559	0.1018934563	0.07483941559	0.1018934563	0.0270540407	education		Selected Social Characteristics in the United States	SCHOOL ENROLLMENT / Population 3 years and over enrolled in school / Kindergarten		Education	School Enrollment	0.1018934563	2.84E-08
DP02_0054PE	-0.08500440298	-0.09684848448	0.08500440298	0.09684848448	-0.0118440815	education		Selected Social Characteristics in the United States	SCHOOL ENROLLMENT / Population 3 years and over enrolled in school / Nursery school, preschool		Education	School Enrollment	-0.09684848448	1.33E-07
DP04_0072PE	-0.2202939411	-0.1538496682	0.2202939411	0.1538496682	0.06644427291	housing characteristics		Selected Housing Characteristics	SELECTED CHARACTERISTICS / Occupied housing units	0			-0.1538496682	4.06E-17
DP04_0074PE	0.09750393124	0.1188079416	0.09750393124	0.1188079416	0.02130401032	housing characteristics		Selected Housing Characteristics	SELECTED CHARACTERISTICS / Occupied housing units / Lacking complete kitchen facilities		House	Characteristics	0.1188079416	9.19E-11
DP04_0073PE	0.1180737479	0.2021847754	0.1180737479	0.2021847754	0.08411102744	housing characteristics		Selected Housing Characteristics	SELECTED CHARACTERISTICS / Occupied housing units / Lacking complete plumbing facilities		House	Characteristics	0.2021847754	1.22E-28
DP04_0075PE	0.2368207591	0.3084602821	0.2368207591	0.3084602821	0.07163952304	housing characteristics		Selected Housing Characteristics	SELECTED CHARACTERISTICS / Occupied housing units / No telephone service available		House	Characteristics	0.3084602821	3.48E-66
DP04_0093PE	-0.249583872	-0.2051912404	0.249583872	0.2051912404	0.04439263159	housing cost	with mortgage	Selected Housing Characteristics	SELECTED MONTHLY OWNER COSTS (SMOC) / Housing units with a mortgage		House	Cost - With mortgage	-0.2051912404	1.81E-29
DP04_0096PE	0.4090924357	0.3937917604	0.4090924357	0.3937917604	-0.01530067528	housing cost	with mortgage	Selected Housing Characteristics	SELECTED MONTHLY OWNER COSTS (SMOC) / Housing units with a mortgage / $1,000 to $1,499		House	Cost - With mortgage	0.3937917604	3.60E-110
DP04_0097PE	-0.2231917173	-0.270785756	0.2231917173	0.270785756	-0.04759403866	housing cost	with mortgage	Selected Housing Characteristics	SELECTED MONTHLY OWNER COSTS (SMOC) / Housing units with a mortgage / $1,500 to $1,999		House	Cost - With mortgage	-0.270785756	8.27E-51
DP04_0098PE	-0.4486887181	-0.4862887306	0.4486887181	0.4862887306	-0.03760001251	housing cost	with mortgage	Selected Housing Characteristics	SELECTED MONTHLY OWNER COSTS (SMOC) / Housing units with a mortgage / $2,000 to $2,499		House	Cost - With mortgage	-0.4862887306	3.35E-175
DP04_0099PE	-0.4344016152	-0.5027994526	0.4344016152	0.5027994526	-0.06839783741	housing cost	with mortgage	Selected Housing Characteristics	SELECTED MONTHLY OWNER COSTS (SMOC) / Housing units with a mortgage / $2,500 to $2,999		House	Cost - With mortgage	-0.5027994526	4.48E-189
DP04_0100PE	-0.4774169559	-0.5128410887	0.4774169559	0.5128410887	-0.03542413281	housing cost	with mortgage	Selected Housing Characteristics	SELECTED MONTHLY OWNER COSTS (SMOC) / Housing units with a mortgage / $3,000 or more		House	Cost - With mortgage	-0.5128410887	6.81E-198
DP04_0095PE	0.5759113771	0.5835677258	0.5759113771	0.5835677258	0.007656348716	housing cost	with mortgage	Selected Housing Characteristics	SELECTED MONTHLY OWNER COSTS (SMOC) / Housing units with a mortgage / $500 to $999		House	Cost - With mortgage	0.5835677258	3.25E-269
DP04_0094PE	0.2938473762	0.3588537787	0.2938473762	0.3588537787	0.06500640249	housing cost	with mortgage	Selected Housing Characteristics	SELECTED MONTHLY OWNER COSTS (SMOC) / Housing units with a mortgage / Less than $500		House	Cost - With mortgage	0.3588537787	1.75E-90
DP04_0102PE	-0.2107646605	-0.09833470085	0.2107646605	0.09833470085	0.1124299597	housing cost	without mortgage	Selected Housing Characteristics	SELECTED MONTHLY OWNER COSTS (SMOC) / Housing units without a mortgage		House	Cost - Without mortgage	-0.09833470085	8.46E-08
DP04_0108PE	-0.5194328412	-0.6113681751	0.5194328412	0.6113681751	-0.09193533383	housing cost	without mortgage	Selected Housing Characteristics	SELECTED MONTHLY OWNER COSTS (SMOC) / Housing units without a mortgage / $1,000 or more		House	Cost - Without mortgage	-0.6113681751	1.81E-302
DP04_0104PE	0.6294779107	0.6319246303	0.6294779107	0.6319246303	0.002446719692	housing cost	without mortgage	Selected Housing Characteristics	SELECTED MONTHLY OWNER COSTS (SMOC) / Housing units without a mortgage / $250 to $399		House	Cost - Without mortgage	0.6319246303	0
DP04_0105PE	0.2800509401	0.2411647172	0.2800509401	0.2411647172	-0.03888622289	housing cost	without mortgage	Selected Housing Characteristics	SELECTED MONTHLY OWNER COSTS (SMOC) / Housing units without a mortgage / $400 to $599		House	Cost - Without mortgage	0.2411647172	2.29E-40
DP04_0106PE	-0.4551675636	-0.4689191107	0.4551675636	0.4689191107	-0.01375154705	housing cost	without mortgage	Selected Housing Characteristics	SELECTED MONTHLY OWNER COSTS (SMOC) / Housing units without a mortgage / $600 to $799		House	Cost - Without mortgage	-0.4689191107	1.85E-161
DP04_0107PE	-0.5767894345	-0.597546647	0.5767894345	0.597546647	-0.02075721248	housing cost	without mortgage	Selected Housing Characteristics	SELECTED MONTHLY OWNER COSTS (SMOC) / Housing units without a mortgage / $800 to $999		House	Cost - Without mortgage	-0.597546647	1.42E-285
DP04_0103PE	0.5612827275	0.5897311872	0.5612827275	0.5897311872	0.02844845975	housing cost	without mortgage	Selected Housing Characteristics	SELECTED MONTHLY OWNER COSTS (SMOC) / Housing units without a mortgage / Less than $250		House	Cost - Without mortgage	0.5897311872	2.22E-276
DP04_0117PE	-0.2117322037	-0.1003955297	0.2117322037	0.1003955297	0.111336674	housing cost burden	without mortgage	Selected Housing Characteristics	SELECTED MONTHLY OWNER COSTS AS A PERCENTAGE OF HOUSEHOLD INCOME (SMOCAPI) / Housing unit without a mortgage (excluding units where SMOCAPI cannot be computed)		House		-0.1003955297	4.50E-08
DP04_0119PE	-0.04515488628	-0.04556959721	0.04515488628	0.04556959721	-0.0004147109279	housing cost burden	without mortgage	Selected Housing Characteristics	SELECTED MONTHLY OWNER COSTS AS A PERCENTAGE OF HOUSEHOLD INCOME (SMOCAPI) / Housing unit without a mortgage (excluding units where SMOCAPI cannot be computed) / 10.0 to 14.9 percent		House	cost burden - Without mortgage	-0.04556959721	0.01323441718
DP04_0120PE	0.02874257357	0.01981636026	0.02874257357	0.01981636026	-0.008926213307	housing cost burden	without mortgage	Selected Housing Characteristics	SELECTED MONTHLY OWNER COSTS AS A PERCENTAGE OF HOUSEHOLD INCOME (SMOCAPI) / Housing unit without a mortgage (excluding units where SMOCAPI cannot be computed) / 15.0 to 19.9 percent		House	cost burden - Without mortgage	0.01981636026	0.2815403296
DP04_0121PE	-0.01577186736	-0.01994641588	0.01577186736	0.01994641588	-0.004174548514	housing cost burden	without mortgage	Selected Housing Characteristics	SELECTED MONTHLY OWNER COSTS AS A PERCENTAGE OF HOUSEHOLD INCOME (SMOCAPI) / Housing unit without a mortgage (excluding units where SMOCAPI cannot be computed) / 20.0 to 24.9 percent		House	cost burden - Without mortgage	-0.01994641588	0.2783938504
DP04_0122PE	-0.0101773585	-0.01979022022	0.0101773585	0.01979022022	-0.009612861725	housing cost burden	without mortgage	Selected Housing Characteristics	SELECTED MONTHLY OWNER COSTS AS A PERCENTAGE OF HOUSEHOLD INCOME (SMOCAPI) / Housing unit without a mortgage (excluding units where SMOCAPI cannot be computed) / 25.0 to 29.9 percent		House	cost burden - Without mortgage	-0.01979022022	0.2821756438
DP04_0123PE	-0.04165313822	-0.05088401237	0.04165313822	0.05088401237	-0.009230874144	housing cost burden	without mortgage	Selected Housing Characteristics	SELECTED MONTHLY OWNER COSTS AS A PERCENTAGE OF HOUSEHOLD INCOME (SMOCAPI) / Housing unit without a mortgage (excluding units where SMOCAPI cannot be computed) / 30.0 to 34.9 percent		House	cost burden - Without mortgage	-0.05088401237	0.0056631636
DP04_0124PE	-0.04076777165	-0.03193564684	0.04076777165	0.03193564684	0.008832124807	housing cost burden	without mortgage	Selected Housing Characteristics	SELECTED MONTHLY OWNER COSTS AS A PERCENTAGE OF HOUSEHOLD INCOME (SMOCAPI) / Housing unit without a mortgage (excluding units where SMOCAPI cannot be computed) / 35.0 percent or more		House	cost burden - Without mortgage	-0.03193564684	0.08261209093
DP04_0118PE	0.04758060626	0.03850529306	0.04758060626	0.03850529306	-0.009075313205	housing cost burden	without mortgage	Selected Housing Characteristics	SELECTED MONTHLY OWNER COSTS AS A PERCENTAGE OF HOUSEHOLD INCOME (SMOCAPI) / Housing unit without a mortgage (excluding units where SMOCAPI cannot be computed) / Less than 10.0 percent		House	cost burden - Without mortgage	0.03850529306	0.03634603882
DP04_0110PE	-0.2499085459	-0.2058221695	0.2499085459	0.2058221695	0.04408637638	housing cost burden	with mortgage	Selected Housing Characteristics	SELECTED MONTHLY OWNER COSTS AS A PERCENTAGE OF HOUSEHOLD INCOME (SMOCAPI) / Housing units with a mortgage (excluding units where SMOCAPI cannot be computed)		House		-0.2058221695	1.21E-29
DP04_0112PE	-0.1717376411	-0.2202639247	0.1717376411	0.2202639247	-0.04852628354	housing cost burden	with mortgage	Selected Housing Characteristics	SELECTED MONTHLY OWNER COSTS AS A PERCENTAGE OF HOUSEHOLD INCOME (SMOCAPI) / Housing units with a mortgage (excluding units where SMOCAPI cannot be computed) / 20.0 to 24.9 percent		House	cost Burden - With mortgage	-0.2202639247	8.74E-34
DP04_0113PE	-0.07622928538	-0.1581290414	0.07622928538	0.1581290414	-0.081899756	housing cost burden	with mortgage	Selected Housing Characteristics	SELECTED MONTHLY OWNER COSTS AS A PERCENTAGE OF HOUSEHOLD INCOME (SMOCAPI) / Housing units with a mortgage (excluding units where SMOCAPI cannot be computed) / 25.0 to 29.9 percent		House	cost Burden - With mortgage	-0.1581290414	5.37E-18
DP04_0114PE	-0.05474828114	-0.1117818778	0.05474828114	0.1117818778	-0.05703359666	housing cost burden	with mortgage	Selected Housing Characteristics	SELECTED MONTHLY OWNER COSTS AS A PERCENTAGE OF HOUSEHOLD INCOME (SMOCAPI) / Housing units with a mortgage (excluding units where SMOCAPI cannot be computed) / 30.0 to 34.9 percent		House	cost Burden - With mortgage	-0.1117818778	1.12E-09
DP04_0115PE	0.08307570118	0.09420495309	0.08307570118	0.09420495309	0.01112925192	housing cost burden	with mortgage	Selected Housing Characteristics	SELECTED MONTHLY OWNER COSTS AS A PERCENTAGE OF HOUSEHOLD INCOME (SMOCAPI) / Housing units with a mortgage (excluding units where SMOCAPI cannot be computed) / 35.0 percent or more		House	cost Burden - With mortgage	0.09420495309	2.91E-07
DP04_0111PE	0.0760895294	0.08982266457	0.0760895294	0.08982266457	0.01373313517	housing cost burden	with mortgage	Selected Housing Characteristics	SELECTED MONTHLY OWNER COSTS AS A PERCENTAGE OF HOUSEHOLD INCOME (SMOCAPI) / Housing units with a mortgage (excluding units where SMOCAPI cannot be computed) / Less than 20.0 percent		House	cost Burden - With mortgage	0.08982266457	1.01E-06
DP05_0001PE	-0.215003258	-0.1477640297	0.215003258	0.1477640297	0.06723922834	demographic		ACS Demographic and Housing Estimates	SEX AND AGE / Total population	0	Demographic	Age and sex	-0.1477640297	6.76E-16
DP05_0007PE	-0.01128409017	-0.02370758577	0.01128409017	0.02370758577	-0.0124234956	demographic		ACS Demographic and Housing Estimates	SEX AND AGE / Total population / 10 to 14 years	0	Demographic	Age and sex	-0.02370758577	0.1975384902
DP05_0008PE	-0.03310566213	-0.07150828503	0.03310566213	0.07150828503	-0.0384026229	demographic		ACS Demographic and Housing Estimates	SEX AND AGE / Total population / 15 to 19 years	0	Demographic	Age and sex	-0.07150828503	9.98E-05
DP05_0020PE	0.01815694779	0.04676206439	0.01815694779	0.04676206439	0.0286051166	demographic		ACS Demographic and Housing Estimates	SEX AND AGE / Total population / 16 years and over	0	Demographic	Age and sex	0.04676206439	0.01099909969
DP05_0025PE	-0.2152176397	-0.1470984712	0.2152176397	0.1470984712	0.06811916844	demographic		ACS Demographic and Housing Estimates	SEX AND AGE / Total population / 18 years and over	0	Demographic	Age and sex	-0.1470984712	9.13E-16
DP05_0021PE	0.0150218701	0.0449034294	0.0150218701	0.0449034294	0.0298815593	demographic		ACS Demographic and Housing Estimates	SEX AND AGE / Total population / 18 years and over	0	Demographic	Age and sex	0.0449034294	0.01462402423
DP05_0027PE	0.09117251161	0.1587965596	0.09117251161	0.1587965596	0.06762404801	demographic		ACS Demographic and Housing Estimates	SEX AND AGE / Total population / 18 years and over / Female	0	Demographic	Age and sex	0.1587965596	3.78E-18
DP05_0026PE	-0.09116823785	-0.1587979971	0.09116823785	0.1587979971	-0.06762975927	demographic		ACS Demographic and Housing Estimates	SEX AND AGE / Total population / 18 years and over / Male	0	Demographic	Age and sex	-0.1587979971	3.78E-18
DP05_0009PE	-0.04591886786	-0.02552696106	0.04591886786	0.02552696106	0.0203919068	demographic		ACS Demographic and Housing Estimates	SEX AND AGE / Total population / 20 to 24 years	0	Demographic	Age and sex	-0.02552696106	0.1652841084
DP05_0022PE	0.02183409741	0.06055590244	0.02183409741	0.06055590244	0.03872180504	demographic		ACS Demographic and Housing Estimates	SEX AND AGE / Total population / 21 years and over	0	Demographic	Age and sex	0.06055590244	0.0009877212851
DP05_0010PE	-0.0962214543	-0.05191673401	0.0962214543	0.05191673401	0.04430472029	demographic		ACS Demographic and Housing Estimates	SEX AND AGE / Total population / 25 to 34 years	0	Demographic	Age and sex	-0.05191673401	0.004752069152
DP05_0011PE	-0.1993468707	-0.2113429026	0.1993468707	0.2113429026	-0.01199603191	demographic		ACS Demographic and Housing Estimates	SEX AND AGE / Total population / 35 to 44 years	0	Demographic	Age and sex	-0.2113429026	3.37E-31
DP05_0012PE	0.06194671656	0.09499350409	0.06194671656	0.09499350409	0.03304678753	demographic		ACS Demographic and Housing Estimates	SEX AND AGE / Total population / 45 to 54 years	0	Demographic	Age and sex	0.09499350409	2.29E-07
DP05_0006PE	-0.02784491019	-0.04876660247	0.02784491019	0.04876660247	-0.02092169227	demographic		ACS Demographic and Housing Estimates	SEX AND AGE / Total population / 5 to 9 years	0	Demographic	Age and sex	-0.04876660247	0.008005136308
DP05_0013PE	0.1159147856	0.1203707529	0.1159147856	0.1203707529	0.00445596728	demographic		ACS Demographic and Housing Estimates	SEX AND AGE / Total population / 55 to 59 years	0	Demographic	Age and sex	0.1203707529	5.18E-11
DP05_0014PE	0.07327669684	0.08894394341	0.07327669684	0.08894394341	0.01566724657	demographic		ACS Demographic and Housing Estimates	SEX AND AGE / Total population / 60 to 64 years	0	Demographic	Age and sex	0.08894394341	1.28E-06
DP05_0023PE	0.0927081421	0.1127803673	0.0927081421	0.1127803673	0.02007222517	demographic		ACS Demographic and Housing Estimates	SEX AND AGE / Total population / 62 years and over	0	Demographic	Age and sex	0.1127803673	7.81E-10
DP05_0015PE	0.1045233481	0.1384097556	0.1045233481	0.1384097556	0.03388640749	demographic		ACS Demographic and Housing Estimates	SEX AND AGE / Total population / 65 to 74 years	0	Demographic	Age and sex	0.1384097556	4.08E-14
DP05_0029PE	-0.215814845	-0.1386053368	0.215814845	0.1386053368	0.07720950818	demographic		ACS Demographic and Housing Estimates	SEX AND AGE / Total population / 65 years and over	0	Demographic	Age and sex	-0.1386053368	3.75E-14
DP05_0024PE	0.08986323725	0.1146425651	0.08986323725	0.1146425651	0.02477932784	demographic		ACS Demographic and Housing Estimates	SEX AND AGE / Total population / 65 years and over	0	Demographic	Age and sex	0.1146425651	4.08E-10
DP05_0031PE	0.1160275721	0.12045557	0.1160275721	0.12045557	0.004427997898	demographic		ACS Demographic and Housing Estimates	SEX AND AGE / Total population / 65 years and over / Female	0	Demographic	Age and sex	0.12045557	5.02E-11
DP05_0030PE	-0.1160323521	-0.1204590393	0.1160323521	0.1204590393	-0.004426687219	demographic		ACS Demographic and Housing Estimates	SEX AND AGE / Total population / 65 years and over / Male	0	Demographic	Age and sex	-0.1204590393	5.02E-11
DP05_0016PE	0.1182805043	0.1702417821	0.1182805043	0.1702417821	0.05196127781	demographic		ACS Demographic and Housing Estimates	SEX AND AGE / Total population / 75 to 84 years	0	Demographic	Age and sex	0.1702417821	1.16E-20
DP05_0017PE	-0.07563892917	-0.04456105374	0.07563892917	0.04456105374	0.03107787543	demographic		ACS Demographic and Housing Estimates	SEX AND AGE / Total population / 85 years and over	0	Demographic	Age and sex	-0.04456105374	0.0153961641
DP05_0003PE	0.08574381902	0.1344650197	0.08574381902	0.1344650197	0.0487212007	demographic		ACS Demographic and Housing Estimates	SEX AND AGE / Total population / Female	0	Demographic	Age and sex	0.1344650197	2.12E-13
DP05_0002PE	-0.08574381902	-0.1344650197	0.08574381902	0.1344650197	-0.0487212007	demographic		ACS Demographic and Housing Estimates	SEX AND AGE / Total population / Male	0	Demographic	Age and sex	-0.1344650197	2.12E-13
DP05_0019PE	-0.0150218701	-0.0449034294	0.0150218701	0.0449034294	-0.0298815593	demographic		ACS Demographic and Housing Estimates	SEX AND AGE / Total population / Under 18 years	0	Demographic	Age and sex	-0.0449034294	0.01462402423
DP05_0005PE	0.006687580757	-0.005151814398	0.006687580757	0.005151814398	-0.01183939516	demographic		ACS Demographic and Housing Estimates	SEX AND AGE / Total population / Under 5 years	0	Demographic	Age and sex	-0.005151814398	0.7794905879
DP02_0095PE	-0.1787431054	-0.2932093097	0.1787431054	0.2932093097	-0.1144662043	demographic	citizenship	Selected Social Characteristics in the United States	U.S. CITIZENSHIP STATUS / Foreign-born population	0	Citizenship		-0.2932093097	1.08E-59
DP02_0096PE	-0.03590745662	-0.0811116178	0.03590745662	0.0811116178	-0.04520416118	demographic	citizenship	Selected Social Characteristics in the United States	U.S. CITIZENSHIP STATUS / Foreign-born population / Naturalized U.S. citizen	0	Citizenship		-0.0811116178	1.06E-05
DP02_0097PE	0.0359047194	0.08110977595	0.0359047194	0.08110977595	0.04520505655	demographic	citizenship	Selected Social Characteristics in the United States	U.S. CITIZENSHIP STATUS / Foreign-born population / Not a U.S. citizen	0	Citizenship		0.08110977595	1.06E-05
DP04_0006PE	-0.2179551552	-0.1454154589	0.2179551552	0.1454154589	0.07253969636	housing structure		Selected Housing Characteristics	UNITS IN STRUCTURE / Total housing units	0	House	Structure - Units	-0.1454154589	1.94E-15
DP04_0008PE	-0.4093035205	-0.4348630484	0.4093035205	0.4348630484	-0.02555952793	housing structure		Selected Housing Characteristics	UNITS IN STRUCTURE / Total housing units / 1-unit, attached		House	Structure - Units	-0.4348630484	1.17E-136
DP04_0007PE	-0.005760823904	-0.09249126126	0.005760823904	0.09249126126	-0.08673043736	housing structure		Selected Housing Characteristics	UNITS IN STRUCTURE / Total housing units / 1-unit, detached		House	Structure - Units	-0.09249126126	4.72E-07
DP04_0012PE	-0.3831413992	-0.3901075286	0.3831413992	0.3901075286	-0.006966129477	housing structure		Selected Housing Characteristics	UNITS IN STRUCTURE / Total housing units / 10 to 19 units		House	Structure - Units	-0.3901075286	4.75E-108
DP04_0009PE	-0.02073750418	0.06568048639	0.02073750418	0.06568048639	0.08641799057	housing structure		Selected Housing Characteristics	UNITS IN STRUCTURE / Total housing units / 2 units		House	Structure - Units	0.06568048639	0.0003524594524
DP04_0013PE	-0.3787887075	-0.3596412094	0.3787887075	0.3596412094	0.0191474981	housing structure		Selected Housing Characteristics	UNITS IN STRUCTURE / Total housing units / 20 or more units		House	Structure - Units	-0.3596412094	5.82E-91
DP04_0010PE	-0.161134913	-0.1475256886	0.161134913	0.1475256886	0.01360922443	housing structure		Selected Housing Characteristics	UNITS IN STRUCTURE / Total housing units / 3 or 4 units		House	Structure - Units	-0.1475256886	7.53E-16
DP04_0011PE	-0.2625280204	-0.2570285144	0.2625280204	0.2570285144	0.005499505945	housing structure		Selected Housing Characteristics	UNITS IN STRUCTURE / Total housing units / 5 to 9 units		House	Structure - Units	-0.2570285144	8.19E-46
DP04_0015PE	0.1847059105	0.2487621158	0.1847059105	0.2487621158	0.06405620532	housing structure		Selected Housing Characteristics	UNITS IN STRUCTURE / Total housing units / Boat, RV, van, etc.		House	Structure - Units	0.2487621158	6.20E-43
DP04_0014PE	0.5110027614	0.5654867486	0.5110027614	0.5654867486	0.05448398721	housing structure		Selected Housing Characteristics	UNITS IN STRUCTURE / Total housing units / Mobile home		House	Structure - Units	0.5654867486	1.74E-249
DP04_0080PE	-0.2376280905	-0.158335593	0.2376280905	0.158335593	0.0792924975	housing value		Selected Housing Characteristics	VALUE / Owner-occupied units	0	House	Value	-0.158335593	4.73E-18
DP04_0088PE	-0.3123122376	-0.3311085782	0.3123122376	0.3311085782	-0.01879634068	housing value		Selected Housing Characteristics	VALUE / Owner-occupied units / $1,000,000 or more		House	Value	-0.3311085782	1.53E-76
DP04_0083PE	0.3955333661	0.393210234	0.3955333661	0.393210234	-0.002323132162	housing value		Selected Housing Characteristics	VALUE / Owner-occupied units / $100,000 to $149,999		House	Value	0.393210234	7.38E-110
DP04_0084PE	0.3038052994	0.2715458344	0.3038052994	0.2715458344	-0.03225946498	housing value		Selected Housing Characteristics	VALUE / Owner-occupied units / $150,000 to $199,999		House	Value	0.2715458344	4.11E-51
DP04_0085PE	-0.01218134432	-0.06283792212	0.01218134432	0.06283792212	-0.0506565778	housing value		Selected Housing Characteristics	VALUE / Owner-occupied units / $200,000 to $299,999		House	Value	-0.06283792212	0.0006313028137
DP04_0086PE	-0.3931545352	-0.4103452773	0.3931545352	0.4103452773	-0.01719074213	housing value		Selected Housing Characteristics	VALUE / Owner-occupied units / $300,000 to $499,999		House	Value	-0.4103452773	2.09E-120
DP04_0082PE	0.4280848026	0.4675761821	0.4280848026	0.4675761821	0.03949137958	housing value		Selected Housing Characteristics	VALUE / Owner-occupied units / $50,000 to $99,999		House	Value	0.4675761821	2.00E-160
DP04_0087PE	-0.4360697063	-0.4427091572	0.4360697063	0.4427091572	-0.006639450853	housing value		Selected Housing Characteristics	VALUE / Owner-occupied units / $500,000 to $999,999		House	Value	-0.4427091572	4.34E-142
DP04_0081PE	0.4316553203	0.4994884231	0.4316553203	0.4994884231	0.0678331028	housing value		Selected Housing Characteristics	VALUE / Owner-occupied units / Less than $50,000		House	Value	0.4994884231	2.71E-186
DP04_0057PE	-0.2202939411	-0.1538496682	0.2202939411	0.1538496682	0.06644427291	housing characteristics		Selected Housing Characteristics	VEHICLES AVAILABLE / Occupied housing units	0	House	Characteristics	-0.1538496682	4.06E-17
DP04_0059PE	0.1961284884	0.2140569217	0.1961284884	0.2140569217	0.01792843323	housing characteristics		Selected Housing Characteristics	VEHICLES AVAILABLE / Occupied housing units / 1 vehicle available		House	Characteristics	0.2140569217	5.58E-32
DP04_0060PE	-0.177617253	-0.2305753292	0.177617253	0.2305753292	-0.0529580762	housing characteristics		Selected Housing Characteristics	VEHICLES AVAILABLE / Occupied housing units / 2 vehicles available		House	Characteristics	-0.2305753292	5.73E-37
DP04_0061PE	-0.153975448	-0.1464915381	0.153975448	0.1464915381	0.007483909819	housing characteristics		Selected Housing Characteristics	VEHICLES AVAILABLE / Occupied housing units / 3 or more vehicles available		House	Characteristics	-0.1464915381	1.20E-15
DP04_0058PE	0.1887527951	0.3539390034	0.1887527951	0.3539390034	0.1651862083	housing characteristics		Selected Housing Characteristics	VEHICLES AVAILABLE / Occupied housing units / No vehicles available		House	Characteristics	0.3539390034	5.79E-88
DP02_0069PE	-0.2148398139	-0.1462344072	0.2148398139	0.1462344072	0.06860540673	demographic	veteran	Selected Social Characteristics in the United States	VETERAN STATUS / Civilian population 18 years and over	0			-0.1462344072	1.35E-15
DP02_0070PE	0.08661092507	0.1146529619	0.08661092507	0.1146529619	0.02804203682	demographic	veteran	Selected Social Characteristics in the United States	VETERAN STATUS / Civilian population 18 years and over / Civilian veterans		Demographic	Veterans	0.1146529619	4.06E-10
DP02_0105PE	-0.1787422677	-0.2932184185	0.1787422677	0.2932184185	-0.1144761508	demographic	birth place	Selected Social Characteristics in the United States	WORLD REGION OF BIRTH OF FOREIGN-BORN / Foreign-born population, excluding population born at sea	0			-0.2932184185	1.08E-59
DP02_0108PE	-0.1042926848	-0.2202807027	0.1042926848	0.2202807027	-0.1159880179	demographic	birth place	Selected Social Characteristics in the United States	WORLD REGION OF BIRTH OF FOREIGN-BORN / Foreign-born population, excluding population born at sea / Africa	0			-0.2202807027	1.17E-33
DP02_0107PE	-0.01209023286	-0.03482864222	0.01209023286	0.03482864222	-0.02273840936	demographic	birth place	Selected Social Characteristics in the United States	WORLD REGION OF BIRTH OF FOREIGN-BORN / Foreign-born population, excluding population born at sea / Asia	0			-0.03482864222	0.05890751062
DP02_0106PE	0.04508942662	0.01254451495	0.04508942662	0.01254451495	-0.03254491167	demographic	birth place	Selected Social Characteristics in the United States	WORLD REGION OF BIRTH OF FOREIGN-BORN / Foreign-born population, excluding population born at sea / Europe	0			0.01254451495	0.4964065194
DP02_0110PE	0.006050549108	0.02401982602	0.006050549108	0.02401982602	0.01796927691	demographic	birth place	Selected Social Characteristics in the United States	WORLD REGION OF BIRTH OF FOREIGN-BORN / Foreign-born population, excluding population born at sea / Latin America	0			0.02401982602	0.1927542069
DP02_0111PE	0.04196007002	-0.06747975833	0.04196007002	0.06747975833	-0.1094398283	demographic	birth place	Selected Social Characteristics in the United States	WORLD REGION OF BIRTH OF FOREIGN-BORN / Foreign-born population, excluding population born at sea / Northern America	0			-0.06747975833	0.0002495358127
DP02_0109PE	0.01476317474	-0.1735930837	0.01476317474	0.1735930837	-0.1883562585	demographic	birth place	Selected Social Characteristics in the United States	WORLD REGION OF BIRTH OF FOREIGN-BORN / Foreign-born population, excluding population born at sea / Oceania	0			-0.1735930837	2.45E-21
DP04_0050PE	-0.2202939411	-0.1538496682	0.2202939411	0.1538496682	0.06644427291	housing characteristics		Selected Housing Characteristics	YEAR HOUSEHOLDER MOVED INTO UNIT / Occupied housing units	0			-0.1538496682	4.06E-17
DP04_0056PE	0.2418790828	0.2467920425	0.2418790828	0.2467920425	0.0049129597	housing mobility		Selected Housing Characteristics	YEAR HOUSEHOLDER MOVED INTO UNIT / Occupied housing units / Moved in 1989 and earlier		House	Mobility	0.2467920425	2.91E-42
DP04_0055PE	0.2376362584	0.2302880182	0.2376362584	0.2302880182	-0.007348240163	housing characteristics		Selected Housing Characteristics	YEAR HOUSEHOLDER MOVED INTO UNIT / Occupied housing units / Moved in 1990 to 1999		House	Mobility	0.2302880182	7.06E-37
DP04_0054PE	0.1275742054	0.1193629833	0.1275742054	0.1193629833	-0.008211222093	housing characteristics		Selected Housing Characteristics	YEAR HOUSEHOLDER MOVED INTO UNIT / Occupied housing units / Moved in 2000 to 2009		House	Mobility	0.1193629833	7.51E-11
DP04_0053PE	-0.1848299082	-0.1794818225	0.1848299082	0.1794818225	0.005348085677	housing mobility		Selected Housing Characteristics	YEAR HOUSEHOLDER MOVED INTO UNIT / Occupied housing units / Moved in 2010 to 2019		House	Mobility	-0.1794818225	8.03E-23
DP04_0052PE	-0.2333316689	-0.2327084014	0.2333316689	0.2327084014	0.0006232675704	housing characteristics		Selected Housing Characteristics	YEAR HOUSEHOLDER MOVED INTO UNIT / Occupied housing units / Moved in 2020 to 2022		House	Mobility	-0.2327084014	1.22E-37
DP04_0051PE	-0.2040583731	-0.1987671087	0.2040583731	0.1987671087	0.005291264398	housing mobility		Selected Housing Characteristics	YEAR HOUSEHOLDER MOVED INTO UNIT / Occupied housing units / Moved in 2023 or later		House	Mobility	-0.1987671087	1.02E-27
DP02_0098PE	-0.1832676427	-0.2828860881	0.1832676427	0.2828860881	-0.09961844535	demographic	immigration	Selected Social Characteristics in the United States	YEAR OF ENTRY / Population born outside the United States	0			-0.2828860881	1.63E-55
DP02_0102PE	-0.1787431054	-0.2932093097	0.1787431054	0.2932093097	-0.1144662043	demographic	immigration	Selected Social Characteristics in the United States	YEAR OF ENTRY / Population born outside the United States / Foreign-born	0			-0.2932093097	1.08E-59
DP02_0103PE	-0.07000891675	-0.09180157515	0.07000891675	0.09180157515	-0.0217926584	demographic	immigration	Selected Social Characteristics in the United States	YEAR OF ENTRY / Population born outside the United States / Foreign-born / Entered 2010 or later	0			-0.09180157515	6.11E-07
DP02_0104PE	0.07001701994	0.09181023775	0.07001701994	0.09181023775	0.02179321781	demographic	immigration	Selected Social Characteristics in the United States	YEAR OF ENTRY / Population born outside the United States / Foreign-born / Entered before 2010	0			0.09181023775	6.09E-07
DP02_0099PE	-0.2106060487	-0.2384282028	0.2106060487	0.2384282028	-0.02782215414	demographic	immigration	Selected Social Characteristics in the United States	YEAR OF ENTRY / Population born outside the United States / Native	0			-0.2384282028	1.75E-39
DP02_0100PE	-0.1574151094	-0.1917814286	0.1574151094	0.1917814286	-0.03436631917	demographic	immigration	Selected Social Characteristics in the United States	YEAR OF ENTRY / Population born outside the United States / Native / Entered 2010 or later	0			-0.1917814286	3.47E-25
DP02_0101PE	0.1574120538	0.1917781493	0.1574120538	0.1917781493	0.03436609551	demographic	immigration	Selected Social Characteristics in the United States	YEAR OF ENTRY / Population born outside the United States / Native / Entered before 2010	0			0.1917781493	3.48E-25
DP04_0016PE	-0.2179551552	-0.1454154589	0.2179551552	0.1454154589	0.07253969636	housing structure		Selected Housing Characteristics	YEAR STRUCTURE BUILT / Total housing units	0			-0.1454154589	1.94E-15
DP04_0026PE	-0.1906578912	-0.1557183097	0.1906578912	0.1557183097	0.03493958146	housing structure		Selected Housing Characteristics	YEAR STRUCTURE BUILT / Total housing units / Built 1939 or earlier		House	Year Built	-0.1557183097	1.67E-17
DP04_0025PE	0.05797030177	0.08377000338	0.05797030177	0.08377000338	0.02579970161	housing structure		Selected Housing Characteristics	YEAR STRUCTURE BUILT / Total housing units / Built 1940 to 1949	0			0.08377000338	5.10E-06
DP04_0024PE	0.02305070847	0.04495704782	0.02305070847	0.04495704782	0.02190633935	housing structure		Selected Housing Characteristics	YEAR STRUCTURE BUILT / Total housing units / Built 1950 to 1959		House	Year Built	0.04495704782	0.01450624353
DP04_0023PE	0.1304882824	0.1573376513	0.1304882824	0.1573376513	0.02684936885	housing structure		Selected Housing Characteristics	YEAR STRUCTURE BUILT / Total housing units / Built 1960 to 1969		House	Year Built	0.1573376513	7.68E-18
DP04_0022PE	0.2147597784	0.2236144661	0.2147597784	0.2236144661	0.008854687746	housing structure		Selected Housing Characteristics	YEAR STRUCTURE BUILT / Total housing units / Built 1970 to 1979		House	Year Built	0.2236144661	8.13E-35
DP04_0021PE	0.1667699797	0.2057514931	0.1667699797	0.2057514931	0.03898151341	housing structure		Selected Housing Characteristics	YEAR STRUCTURE BUILT / Total housing units / Built 1980 to 1989		House	Year Built	0.2057514931	1.27E-29
DP04_0020PE	0.1874192484	0.2032461634	0.1874192484	0.2032461634	0.01582691498	housing structure		Selected Housing Characteristics	YEAR STRUCTURE BUILT / Total housing units / Built 1990 to 1999		House	Year Built	0.2032461634	6.23E-29
DP04_0019PE	-0.03490466418	-0.002467039047	0.03490466418	0.002467039047	0.03243762513	housing structure		Selected Housing Characteristics	YEAR STRUCTURE BUILT / Total housing units / Built 2000 to 2009		House	Year Built	-0.002467039047	0.8933439104
DP04_0018PE	-0.1788338202	-0.1195326154	0.1788338202	0.1195326154	0.05930120475	housing structure		Selected Housing Characteristics	YEAR STRUCTURE BUILT / Total housing units / Built 2010 to 2019	0			-0.1195326154	7.05E-11
DP04_0017PE	-0.1401101861	-0.09196149038	0.1401101861	0.09196149038	0.04814869575	housig structure		Selected Housing Characteristics	YEAR STRUCTURE BUILT / Total housing units / Built 2020 or later	0			-0.09196149038	5.49E-07